id,name,full_path,parent_id
1,Accessories,Accessories,
2172,Adult Bibs,Accessories > Adult Bibs,1
12643,Aprons,Accessories > Aprons,1
2,Belts & Suspenders,Accessories > Belts & Suspenders,1
3,Belt Buckles,Accessories > Belts & Suspenders > Belt Buckles,2
4,Belts,Accessories > Belts & Suspenders > Belts,2
5,Suspenders,Accessories > Belts & Suspenders > Suspenders,2
10783,Bouquets & Corsages,Accessories > Bouquets & Corsages,1
603,Bouquets,Accessories > Bouquets & Corsages > Bouquets,10783
11276,Boutonnières,Accessories > Bouquets & Corsages > Boutonnières,10783
604,Corsages,Accessories > Bouquets & Corsages > Corsages,10783
2171,Collars,Accessories > Collars,1
6,Costume Accessories,Accessories > Costume Accessories,1
7,Capes,Accessories > Costume Accessories > Capes,6
1761,Costume Ears,Accessories > Costume Accessories > Costume Ears,6
12644,Costume Horns & Antlers,Accessories > Costume Accessories > Costume Horns & Antlers,6
1768,Costume Masks,Accessories > Costume Accessories > Costume Masks,6
1760,Costume Tails,Accessories > Costume Accessories > Costume Tails,6
10,Costume Weapons,Accessories > Costume Accessories > Costume Weapons,6
11,Facial Hair,Accessories > Costume Accessories > Facial Hair,6
12449,Halloween Candy Bags,Accessories > Costume Accessories > Halloween Candy Bags,6
2168,Prosthetics,Accessories > Costume Accessories > Prosthetics,6
14,Wands,Accessories > Costume Accessories > Wands,6
15,Wings,Accessories > Costume Accessories > Wings,6
12138,Face Masks & Accessories,Accessories > Face Masks & Accessories,1
12139,Ear Savers & Extenders,Accessories > Face Masks & Accessories > Ear Savers & Extenders,12138
12112,Face Masks & Coverings,Accessories > Face Masks & Accessories > Face Masks & Coverings,12138
12140,Mask Lanyards & Chains,Accessories > Face Masks & Accessories > Mask Lanyards & Chains,12138
16,Gloves & Sleeves,Accessories > Gloves & Sleeves,1
17,Arm Warmers,Accessories > Gloves & Sleeves > Arm Warmers,16
12645,Gloves,Accessories > Gloves & Sleeves > Gloves,16
1764,Mittens,Accessories > Gloves & Sleeves > Mittens,16
1765,Muffs,Accessories > Gloves & Sleeves > Muffs,16
12646,Sleeves,Accessories > Gloves & Sleeves > Sleeves,16
219,Hair Accessories,Accessories > Hair Accessories,1
220,Barrettes & Clips,Accessories > Hair Accessories > Barrettes & Clips,219
221,Bun Holders & Makers,Accessories > Hair Accessories > Bun Holders & Makers,219
222,Decorative Hair Combs,Accessories > Hair Accessories > Decorative Hair Combs,219
12214,Gajras,Accessories > Hair Accessories > Gajras,219
1758,Hair Jewelry,Accessories > Hair Accessories > Hair Jewelry,219
12179,Hair Beads & Cuffs,Accessories > Hair Accessories > Hair Jewelry > Hair Beads & Cuffs,1758
12168,Hair Chains & Headpieces,Accessories > Hair Accessories > Hair Jewelry > Hair Chains & Headpieces,1758
12178,Hair Rings & Charms,Accessories > Hair Accessories > Hair Jewelry > Hair Rings & Charms,1758
6114,Hair Picks,Accessories > Hair Accessories > Hair Picks,219
224,Hair Pins,Accessories > Hair Accessories > Hair Pins,219
226,Hair Ties & Elastics,Accessories > Hair Accessories > Hair Ties & Elastics,219
2113,Hair Wreaths,Accessories > Hair Accessories > Hair Wreaths,219
225,Headbands,Accessories > Hair Accessories > Headbands,219
12431,Parandas,Accessories > Hair Accessories > Parandas,219
2114,Tiaras,Accessories > Hair Accessories > Tiaras,219
11245,Hand Fans,Accessories > Hand Fans,1
12649,Hats & Head Coverings,Accessories > Hats & Head Coverings,1
12647,Balaclavas,Accessories > Hats & Head Coverings > Balaclavas,12649
30,Ear Warmers,Accessories > Hats & Head Coverings > Ear Warmers,12649
1727,Fascinators,Accessories > Hats & Head Coverings > Fascinators,12649
12650,Hair Nets & Covers,Accessories > Hats & Head Coverings > Hair Nets & Covers,12649
25,Hats & Caps,Accessories > Hats & Head Coverings > Hats & Caps,12649
2153,Helmets,Accessories > Hats & Head Coverings > Helmets,12649
1962,Hijabs,Accessories > Hats & Head Coverings > Hijabs,12649
12648,Hoods,Accessories > Hats & Head Coverings > Hoods,12649
12182,Turbans,Accessories > Hats & Head Coverings > Turbans,12649
35,Veils,Accessories > Hats & Head Coverings > Veils,12649
164,Keychains & Lanyards,Accessories > Keychains & Lanyards,1
12654,Badge Holders,Accessories > Keychains & Lanyards > Badge Holders,164
12652,Badge Reels,Accessories > Keychains & Lanyards > Badge Reels,164
165,Keychains,Accessories > Keychains & Lanyards > Keychains,164
166,Lanyards,Accessories > Keychains & Lanyards > Lanyards,164
167,Zipper Charms,Accessories > Keychains & Lanyards > Zipper Charms,164
12235,Latkans,Accessories > Latkans,1
40,Patches & Appliques,Accessories > Patches & Appliques,1
39,Pins & Clips,Accessories > Pins & Clips,1
12655,Badges,Accessories > Pins & Clips > Badges,39
1201,Brooches,Accessories > Pins & Clips > Brooches,39
1202,Clothing Clips,Accessories > Pins & Clips > Clothing Clips,39
11316,Hat Pins & Stick Pins,Accessories > Pins & Clips > Hat Pins & Stick Pins,39
41,Pins & Pinback Buttons,Accessories > Pins & Clips > Pins & Pinback Buttons,39
6066,Shawl Pins,Accessories > Pins & Clips > Shawl Pins,39
42,Scarves & Wraps,Accessories > Scarves & Wraps,1
43,Bandanas,Accessories > Scarves & Wraps > Bandanas,42
45,Handkerchiefs,Accessories > Scarves & Wraps > Handkerchiefs,42
46,Scarves,Accessories > Scarves & Wraps > Scarves,42
47,Shawls & Wraps,Accessories > Scarves & Wraps > Shawls & Wraps,42
48,Suit & Tie Accessories,Accessories > Suit & Tie Accessories,1
49,Ascots,Accessories > Suit & Tie Accessories > Ascots,48
50,Bolo Ties,Accessories > Suit & Tie Accessories > Bolo Ties,48
51,Bow Ties,Accessories > Suit & Tie Accessories > Bow Ties,48
57,Cuff Links & Tie Clips,Accessories > Suit & Tie Accessories > Cuff Links & Tie Clips,48
2852,Collar Stays,Accessories > Suit & Tie Accessories > Cuff Links & Tie Clips > Collar Stays,57
52,Cuff Links,Accessories > Suit & Tie Accessories > Cuff Links & Tie Clips > Cuff Links,57
2215,Shirt Studs,Accessories > Suit & Tie Accessories > Cuff Links & Tie Clips > Shirt Studs,57
2851,Tie Bars,Accessories > Suit & Tie Accessories > Cuff Links & Tie Clips > Tie Bars,57
2216,Tie Clips & Tacks,Accessories > Suit & Tie Accessories > Cuff Links & Tie Clips > Tie Clips & Tacks,57
53,Cummerbunds,Accessories > Suit & Tie Accessories > Cummerbunds,48
54,Neckties,Accessories > Suit & Tie Accessories > Neckties,48
55,Pocket Squares,Accessories > Suit & Tie Accessories > Pocket Squares,48
58,Sunglasses & Eyewear,Accessories > Sunglasses & Eyewear,1
11335,Contact Lens Cases,Accessories > Sunglasses & Eyewear > Contact Lens Cases,58
12653,Eye Patches,Accessories > Sunglasses & Eyewear > Eye Patches,58
11358,Eyeglass Stands,Accessories > Sunglasses & Eyewear > Eyeglass Stands,58
12651,Eyeglasses,Accessories > Sunglasses & Eyewear > Eyeglasses,58
59,Glasses Frames,Accessories > Sunglasses & Eyewear > Eyeglasses > Glasses Frames,12651
6787,Goggles & Safety Glasses,Accessories > Sunglasses & Eyewear > Eyeglasses > Goggles & Safety Glasses,12651
62,Reading Glasses,Accessories > Sunglasses & Eyewear > Eyeglasses > Reading Glasses,12651
64,Sunglasses,Accessories > Sunglasses & Eyewear > Eyeglasses > Sunglasses,12651
60,Glasses Cases,Accessories > Sunglasses & Eyewear > Glasses Cases,58
61,Glasses Chains,Accessories > Sunglasses & Eyewear > Glasses Chains,58
65,Umbrellas & Rain Accessories,Accessories > Umbrellas & Rain Accessories,1
66,Art & Collectibles,Art & Collectibles,
1865,Artist Trading Cards,Art & Collectibles > Artist Trading Cards,66
67,Collectibles,Art & Collectibles > Collectibles,66
2848,Advertisements,Art & Collectibles > Collectibles > Advertisements,67
68,Coins & Money,Art & Collectibles > Collectibles > Coins & Money,67
2781,Collectible Glass,Art & Collectibles > Collectibles > Collectible Glass,67
2782,Glass Insulators,Art & Collectibles > Collectibles > Collectible Glass > Glass Insulators,2781
2850,Collectible Plates,Art & Collectibles > Collectibles > Collectible Plates,67
69,Figurines & Knick Knacks,Art & Collectibles > Collectibles > Figurines & Knick Knacks,67
70,Memorabilia,Art & Collectibles > Collectibles > Memorabilia,67
71,Militaria,Art & Collectibles > Collectibles > Memorabilia > Militaria,70
72,Souvenirs & Events,Art & Collectibles > Collectibles > Memorabilia > Souvenirs & Events,70
73,Sports Collectibles,Art & Collectibles > Collectibles > Memorabilia > Sports Collectibles,70
1771,Collectible Jerseys,Art & Collectibles > Collectibles > Memorabilia > Sports Collectibles > Collectible Jerseys,73
74,Trophies & Awards,Art & Collectibles > Collectibles > Memorabilia > Trophies & Awards,70
1886,Music Boxes,Art & Collectibles > Collectibles > Music Boxes,67
2783,Paperweights,Art & Collectibles > Collectibles > Paperweights,67
2847,Postage Stamps,Art & Collectibles > Collectibles > Postage Stamps,67
1866,Tobacciana,Art & Collectibles > Collectibles > Tobacciana,67
1868,Ashtrays,Art & Collectibles > Collectibles > Tobacciana > Ashtrays,1866
2539,Cigarette Rollers,Art & Collectibles > Collectibles > Tobacciana > Cigarette Rollers,1866
1867,Lighters,Art & Collectibles > Collectibles > Tobacciana > Lighters,1866
1647,Pipes,Art & Collectibles > Collectibles > Tobacciana > Pipes,1866
1612,Dolls & Miniatures,Art & Collectibles > Dolls & Miniatures,66
2097,Art Dolls,Art & Collectibles > Dolls & Miniatures > Art Dolls,1612
2931,Goth & Horror Dolls,Art & Collectibles > Dolls & Miniatures > Art Dolls > Goth & Horror Dolls,2097
2895,Dioramas,Art & Collectibles > Dolls & Miniatures > Dioramas,1612
1606,Dollhouses,Art & Collectibles > Dolls & Miniatures > Dollhouses,1612
1799,Figurines,Art & Collectibles > Dolls & Miniatures > Figurines,1612
1798,Miniatures,Art & Collectibles > Dolls & Miniatures > Miniatures,1612
1605,Dollhouse Miniatures,Art & Collectibles > Dolls & Miniatures > Miniatures > Dollhouse Miniatures,1798
1604,Doll Furniture,Art & Collectibles > Dolls & Miniatures > Miniatures > Dollhouse Miniatures > Doll Furniture,1605
75,Drawing & Illustration,Art & Collectibles > Drawing & Illustration,66
2070,Architectural Drawings,Art & Collectibles > Drawing & Illustration > Architectural Drawings,75
76,Charcoal,Art & Collectibles > Drawing & Illustration > Charcoal,75
77,Digital,Art & Collectibles > Drawing & Illustration > Digital,75
78,Marker,Art & Collectibles > Drawing & Illustration > Marker,75
79,Pastel,Art & Collectibles > Drawing & Illustration > Pastel,75
80,Pen & Ink,Art & Collectibles > Drawing & Illustration > Pen & Ink,75
81,Pencil,Art & Collectibles > Drawing & Illustration > Pencil,75
2808,Colored Pencil,Art & Collectibles > Drawing & Illustration > Pencil > Colored Pencil,81
2809,Graphite,Art & Collectibles > Drawing & Illustration > Pencil > Graphite,81
82,Fiber Arts,Art & Collectibles > Fiber Arts,66
84,Batik,Art & Collectibles > Fiber Arts > Batik,82
85,Crewel,Art & Collectibles > Fiber Arts > Crewel,82
86,Crochet,Art & Collectibles > Fiber Arts > Crochet,82
87,Cross Stitch,Art & Collectibles > Fiber Arts > Cross Stitch,82
88,Embroidery,Art & Collectibles > Fiber Arts > Embroidery,82
89,Felting,Art & Collectibles > Fiber Arts > Felting,82
90,Knitting,Art & Collectibles > Fiber Arts > Knitting,82
91,Macrame,Art & Collectibles > Fiber Arts > Macrame,82
92,Needlepoint,Art & Collectibles > Fiber Arts > Needlepoint,82
93,Quilting,Art & Collectibles > Fiber Arts > Quilting,82
94,Rugmaking,Art & Collectibles > Fiber Arts > Rugmaking,82
95,Sashiko,Art & Collectibles > Fiber Arts > Sashiko,82
96,Sewing,Art & Collectibles > Fiber Arts > Sewing,82
97,Tatting & Lace,Art & Collectibles > Fiber Arts > Tatting & Lace,82
98,Weaving,Art & Collectibles > Fiber Arts > Weaving,82
83,Woven Baskets,Art & Collectibles > Fiber Arts > Woven Baskets,82
6096,Fine Art Ceramics,Art & Collectibles > Fine Art Ceramics,66
104,Glass Art,Art & Collectibles > Glass Art,66
2889,Glass Sculptures & Figurines,Art & Collectibles > Glass Art > Glass Sculptures & Figurines,104
2885,Mosaics,Art & Collectibles > Glass Art > Mosaics,104
2887,Panels & Wall Hangings,Art & Collectibles > Glass Art > Panels & Wall Hangings,104
2811,Suncatchers,Art & Collectibles > Glass Art > Suncatchers,104
99,Mixed Media & Collage,Art & Collectibles > Mixed Media & Collage,66
100,Mosaic,Art & Collectibles > Mixed Media & Collage > Mosaic,99
101,Other Assemblage,Art & Collectibles > Mixed Media & Collage > Other Assemblage,99
102,Paint & Canvas,Art & Collectibles > Mixed Media & Collage > Paint & Canvas,99
103,Paper,Art & Collectibles > Mixed Media & Collage > Paper,99
105,Painting,Art & Collectibles > Painting,66
106,Acrylic,Art & Collectibles > Painting > Acrylic,105
107,Combination,Art & Collectibles > Painting > Combination,105
108,Encaustics,Art & Collectibles > Painting > Encaustics,105
109,Gouache,Art & Collectibles > Painting > Gouache,105
110,Ink,Art & Collectibles > Painting > Ink,105
111,Mixed,Art & Collectibles > Painting > Mixed,105
112,Oil,Art & Collectibles > Painting > Oil,105
113,Spray Paint,Art & Collectibles > Painting > Spray Paint,105
114,Watercolor,Art & Collectibles > Painting > Watercolor,105
115,Photography,Art & Collectibles > Photography,66
116,Black & White,Art & Collectibles > Photography > Black & White,115
117,Color,Art & Collectibles > Photography > Color,115
118,Sepia,Art & Collectibles > Photography > Sepia,115
119,Prints,Art & Collectibles > Prints,66
2078,Digital Prints,Art & Collectibles > Prints > Digital Prints,119
120,Etchings & Engravings,Art & Collectibles > Prints > Etchings & Engravings,119
121,Giclée,Art & Collectibles > Prints > Giclée,119
122,Letterpress Prints,Art & Collectibles > Prints > Letterpress Prints,119
123,Lithographs,Art & Collectibles > Prints > Lithographs,119
124,Monotypes,Art & Collectibles > Prints > Monotypes,119
125,Music & Movie Posters,Art & Collectibles > Prints > Music & Movie Posters,119
126,Screenprints,Art & Collectibles > Prints > Screenprints,119
127,Wood & Linocut Prints,Art & Collectibles > Prints > Wood & Linocut Prints,119
128,Sculpture,Art & Collectibles > Sculpture,66
129,Art Objects,Art & Collectibles > Sculpture > Art Objects,128
130,Figurines,Art & Collectibles > Sculpture > Figurines,128
131,Vessels,Art & Collectibles > Sculpture > Vessels,128
132,Bags & Purses,Bags & Purses,
133,Accessory Cases,Bags & Purses > Accessory Cases,132
134,Cigarette Cases,Bags & Purses > Accessory Cases > Cigarette Cases,133
11327,Pill Boxes,Bags & Purses > Accessory Cases > Pill Boxes,133
136,Backpacks,Bags & Purses > Backpacks,132
137,Clothing & Shoe Bags,Bags & Purses > Clothing & Shoe Bags,132
138,Hat Boxes,Bags & Purses > Clothing & Shoe Bags > Hat Boxes,137
139,Laundry & Lingerie Bags,Bags & Purses > Clothing & Shoe Bags > Laundry & Lingerie Bags,137
140,Shoe Bags,Bags & Purses > Clothing & Shoe Bags > Shoe Bags,137
141,Cosmetic & Toiletry Storage,Bags & Purses > Cosmetic & Toiletry Storage,132
142,Brush Rolls & Holders,Bags & Purses > Cosmetic & Toiletry Storage > Brush Rolls & Holders,141
1777,Brush Rolls,Bags & Purses > Cosmetic & Toiletry Storage > Brush Rolls & Holders > Brush Rolls,142
1778,Brush Storage,Bags & Purses > Cosmetic & Toiletry Storage > Brush Rolls & Holders > Brush Storage,142
143,Cosmetic Bags,Bags & Purses > Cosmetic & Toiletry Storage > Cosmetic Bags,141
145,Makeup Organizers,Bags & Purses > Cosmetic & Toiletry Storage > Makeup Organizers,141
146,Nail Polish Organizers,Bags & Purses > Cosmetic & Toiletry Storage > Nail Polish Organizers,141
147,Refillable Containers,Bags & Purses > Cosmetic & Toiletry Storage > Refillable Containers,141
148,Toiletry Kits & Travel Cases,Bags & Purses > Cosmetic & Toiletry Storage > Toiletry Kits & Travel Cases,141
144,Vanity Storage,Bags & Purses > Cosmetic & Toiletry Storage > Vanity Storage,141
2160,Atomizers & Perfume Bottles,Bags & Purses > Cosmetic & Toiletry Storage > Vanity Storage > Atomizers & Perfume Bottles,144
1780,Compacts,Bags & Purses > Cosmetic & Toiletry Storage > Vanity Storage > Compacts,144
1779,Lipstick Cases,Bags & Purses > Cosmetic & Toiletry Storage > Vanity Storage > Lipstick Cases,144
2159,Powder Boxes,Bags & Purses > Cosmetic & Toiletry Storage > Vanity Storage > Powder Boxes,144
149,Diaper Bags,Bags & Purses > Diaper Bags,132
150,Fanny Packs,Bags & Purses > Fanny Packs,132
151,Food & Insulated Bags,Bags & Purses > Food & Insulated Bags,132
152,Drink Slings & Carriers,Bags & Purses > Food & Insulated Bags > Drink Slings & Carriers,151
153,Lunch Bags & Boxes,Bags & Purses > Food & Insulated Bags > Lunch Bags & Boxes,151
154,Picnic Baskets & Bags,Bags & Purses > Food & Insulated Bags > Picnic Baskets & Bags,151
155,Snack & Sandwich Bags,Bags & Purses > Food & Insulated Bags > Snack & Sandwich Bags,151
156,Handbags,Bags & Purses > Handbags,132
157,Clutches & Evening Bags,Bags & Purses > Handbags > Clutches & Evening Bags,156
158,Crossbody Bags,Bags & Purses > Handbags > Crossbody Bags,156
159,Hobo Bags,Bags & Purses > Handbags > Hobo Bags,156
12430,Potli Bags,Bags & Purses > Handbags > Potli Bags,156
160,Purse Inserts,Bags & Purses > Handbags > Purse Inserts,156
11296,Purse Straps,Bags & Purses > Handbags > Purse Straps,156
161,Shoulder Bags,Bags & Purses > Handbags > Shoulder Bags,156
162,Top Handle Bags,Bags & Purses > Handbags > Top Handle Bags,156
163,Wristlets,Bags & Purses > Handbags > Wristlets,156
168,Luggage & Travel,Bags & Purses > Luggage & Travel,132
169,Briefcases & Attaches,Bags & Purses > Luggage & Travel > Briefcases & Attaches,168
170,Duffel Bags,Bags & Purses > Luggage & Travel > Duffel Bags,168
171,Garment Bags,Bags & Purses > Luggage & Travel > Garment Bags,168
12069,Luggage Covers,Bags & Purses > Luggage & Travel > Luggage Covers,168
172,Luggage Straps,Bags & Purses > Luggage & Travel > Luggage Straps,168
173,Luggage Tags,Bags & Purses > Luggage & Travel > Luggage Tags,168
174,Overnight Bags,Bags & Purses > Luggage & Travel > Overnight Bags,168
175,Passport Covers,Bags & Purses > Luggage & Travel > Passport Covers,168
176,Rolling Luggage,Bags & Purses > Luggage & Travel > Rolling Luggage,168
177,Suitcases,Bags & Purses > Luggage & Travel > Suitcases,168
178,Train Cases,Bags & Purses > Luggage & Travel > Train Cases,168
179,Travel Wallets,Bags & Purses > Luggage & Travel > Travel Wallets,168
180,Market Bags,Bags & Purses > Market Bags,132
181,Messenger Bags,Bags & Purses > Messenger Bags,132
182,Pouches & Coin Purses,Bags & Purses > Pouches & Coin Purses,132
183,Sports Bags,Bags & Purses > Sports Bags,132
184,Arm Bands & Wrist Wallets,Bags & Purses > Sports Bags > Arm Bands & Wrist Wallets,183
1699,Beach Bags,Bags & Purses > Sports Bags > Beach Bags,183
185,Bowling Ball Bags,Bags & Purses > Sports Bags > Bowling Ball Bags,183
186,Cycling Bags,Bags & Purses > Sports Bags > Cycling Bags,183
187,Team Sports & Gym Bags,Bags & Purses > Sports Bags > Team Sports & Gym Bags,183
188,Tennis & Golf Bags,Bags & Purses > Sports Bags > Tennis & Golf Bags,183
2086,Golf Bags,Bags & Purses > Sports Bags > Tennis & Golf Bags > Golf Bags,188
2085,Tennis Bags,Bags & Purses > Sports Bags > Tennis & Golf Bags > Tennis Bags,188
2059,Wet Bags,Bags & Purses > Sports Bags > Wet Bags,183
189,Yoga Bags,Bags & Purses > Sports Bags > Yoga Bags,183
190,Totes,Bags & Purses > Totes,132
191,Wallets & Money Clips,Bags & Purses > Wallets & Money Clips,132
192,Business Card Cases,Bags & Purses > Wallets & Money Clips > Business Card Cases,191
193,Chain Wallets,Bags & Purses > Wallets & Money Clips > Chain Wallets,191
194,Checkbook Covers,Bags & Purses > Wallets & Money Clips > Checkbook Covers,191
195,Coupon Organizer,Bags & Purses > Wallets & Money Clips > Coupon Organizer,191
196,Money Clips,Bags & Purses > Wallets & Money Clips > Money Clips,191
197,Wallets,Bags & Purses > Wallets & Money Clips > Wallets,191
199,Bath & Beauty,Bath & Beauty,
200,Baby & Child Care,Bath & Beauty > Baby & Child Care,199
135,Baby Carriers & Wraps,Bath & Beauty > Baby & Child Care > Baby Carriers & Wraps,200
207,Baby Gift Sets,Bath & Beauty > Baby & Child Care > Baby Gift Sets,200
201,Bibs & Burping,Bath & Beauty > Baby & Child Care > Bibs & Burping,200
2087,Bibs,Bath & Beauty > Baby & Child Care > Bibs & Burping > Bibs,201
2088,Burp Cloths,Bath & Beauty > Baby & Child Care > Bibs & Burping > Burp Cloths,201
202,Changing Pads,Bath & Beauty > Baby & Child Care > Changing Pads,200
12437,Cloth Wipes,Bath & Beauty > Baby & Child Care > Cloth Wipes,200
203,Diapers,Bath & Beauty > Baby & Child Care > Diapers,200
204,Feeding,Bath & Beauty > Baby & Child Care > Feeding,200
205,Nursing,Bath & Beauty > Baby & Child Care > Nursing,200
206,Pacifiers & Clips,Bath & Beauty > Baby & Child Care > Pacifiers & Clips,200
208,Teething,Bath & Beauty > Baby & Child Care > Teething,200
210,Bath Accessories,Bath & Beauty > Bath Accessories,199
211,Loofahs,Bath & Beauty > Bath Accessories > Loofahs,210
212,Poufs,Bath & Beauty > Bath Accessories > Poufs,210
213,Sponges & Body Brushes,Bath & Beauty > Bath Accessories > Sponges & Body Brushes,210
214,Washcloths,Bath & Beauty > Bath Accessories > Washcloths,210
215,Essential Oils,Bath & Beauty > Essential Oils,199
216,Fragrances,Bath & Beauty > Fragrances,199
217,Hair Care,Bath & Beauty > Hair Care,199
218,Conditioners & Treatments,Bath & Beauty > Hair Care > Conditioners & Treatments,217
228,Hair Dye & Color,Bath & Beauty > Hair Care > Hair Dye & Color,217
229,Hair Chalks,Bath & Beauty > Hair Care > Hair Dye & Color > Hair Chalks,228
230,Hennas,Bath & Beauty > Hair Care > Hair Dye & Color > Hennas,228
231,Hair Extensions,Bath & Beauty > Hair Care > Hair Extensions,217
232,Hair Styling,Bath & Beauty > Hair Care > Hair Styling,217
233,Brushes & Combs,Bath & Beauty > Hair Care > Hair Styling > Brushes & Combs,232
234,Curling & Curlers,Bath & Beauty > Hair Care > Hair Styling > Curling & Curlers,232
235,Hair Sprays,Bath & Beauty > Hair Care > Hair Styling > Hair Sprays,232
236,"Pomades, Waxes & Gels","Bath & Beauty > Hair Care > Hair Styling > Pomades, Waxes & Gels",232
237,Straighteners,Bath & Beauty > Hair Care > Hair Styling > Straighteners,232
238,Shampoos,Bath & Beauty > Hair Care > Shampoos,217
239,Shower Caps,Bath & Beauty > Hair Care > Shower Caps,217
240,Wigs,Bath & Beauty > Hair Care > Wigs,217
241,Makeup & Cosmetics,Bath & Beauty > Makeup & Cosmetics,199
242,Eyes,Bath & Beauty > Makeup & Cosmetics > Eyes,241
246,Eye Primers & Correctors,Bath & Beauty > Makeup & Cosmetics > Eyes > Eye Primers & Correctors,242
247,Eye Shadows,Bath & Beauty > Makeup & Cosmetics > Eyes > Eye Shadows,242
243,Eyebrow Makeup,Bath & Beauty > Makeup & Cosmetics > Eyes > Eyebrow Makeup,242
244,Eyelashes & Mascara,Bath & Beauty > Makeup & Cosmetics > Eyes > Eyelashes & Mascara,242
2089,Eyelashes,Bath & Beauty > Makeup & Cosmetics > Eyes > Eyelashes & Mascara > Eyelashes,244
2090,Mascara,Bath & Beauty > Makeup & Cosmetics > Eyes > Eyelashes & Mascara > Mascara,244
245,Eyeliners,Bath & Beauty > Makeup & Cosmetics > Eyes > Eyeliners,242
248,Face,Bath & Beauty > Makeup & Cosmetics > Face,241
249,Blush & Cheek Stain,Bath & Beauty > Makeup & Cosmetics > Face > Blush & Cheek Stain,248
250,Bronzer,Bath & Beauty > Makeup & Cosmetics > Face > Bronzer,248
251,Concealers,Bath & Beauty > Makeup & Cosmetics > Face > Concealers,248
6100,Face & Body Paint,Bath & Beauty > Makeup & Cosmetics > Face > Face & Body Paint,248
252,Face Primers & Correctors,Bath & Beauty > Makeup & Cosmetics > Face > Face Primers & Correctors,248
253,Foundations,Bath & Beauty > Makeup & Cosmetics > Face > Foundations,248
11297,Highlighters & Luminizers,Bath & Beauty > Makeup & Cosmetics > Face > Highlighters & Luminizers,248
254,Powders,Bath & Beauty > Makeup & Cosmetics > Face > Powders,248
255,Lips,Bath & Beauty > Makeup & Cosmetics > Lips,241
256,Lip Balms & Glosses,Bath & Beauty > Makeup & Cosmetics > Lips > Lip Balms & Glosses,255
2091,Lip Balms,Bath & Beauty > Makeup & Cosmetics > Lips > Lip Balms & Glosses > Lip Balms,256
2092,Lip Glosses,Bath & Beauty > Makeup & Cosmetics > Lips > Lip Balms & Glosses > Lip Glosses,256
257,Lip Color,Bath & Beauty > Makeup & Cosmetics > Lips > Lip Color,255
258,Lip Scrubs,Bath & Beauty > Makeup & Cosmetics > Lips > Lip Scrubs,255
259,Makeup Tools & Brushes,Bath & Beauty > Makeup & Cosmetics > Makeup Tools & Brushes,241
260,Hand & Pocket Mirrors,Bath & Beauty > Makeup & Cosmetics > Makeup Tools & Brushes > Hand & Pocket Mirrors,259
261,Makeup Applicators,Bath & Beauty > Makeup & Cosmetics > Makeup Tools & Brushes > Makeup Applicators,259
262,Makeup Remover,Bath & Beauty > Makeup & Cosmetics > Makeup Tools & Brushes > Makeup Remover,259
263,Nails,Bath & Beauty > Makeup & Cosmetics > Nails,241
264,Acrylic & Press On Nails,Bath & Beauty > Makeup & Cosmetics > Nails > Acrylic & Press On Nails,263
265,Nail Art,Bath & Beauty > Makeup & Cosmetics > Nails > Nail Art,263
1997,DIY Polish Supplies,Bath & Beauty > Makeup & Cosmetics > Nails > Nail Art > DIY Polish Supplies,265
1995,Nail Charms,Bath & Beauty > Makeup & Cosmetics > Nails > Nail Art > Nail Charms,265
1992,Nail Decals & Guides,Bath & Beauty > Makeup & Cosmetics > Nails > Nail Art > Nail Decals & Guides,265
1996,Nail Glitter,Bath & Beauty > Makeup & Cosmetics > Nails > Nail Art > Nail Glitter,265
1993,Nail Stamping,Bath & Beauty > Makeup & Cosmetics > Nails > Nail Art > Nail Stamping,265
9136,Nail Stencils,Bath & Beauty > Makeup & Cosmetics > Nails > Nail Art > Nail Stencils,265
1994,Nail Wraps,Bath & Beauty > Makeup & Cosmetics > Nails > Nail Art > Nail Wraps,265
9137,Nail Glue,Bath & Beauty > Makeup & Cosmetics > Nails > Nail Glue,263
266,Nail Kits,Bath & Beauty > Makeup & Cosmetics > Nails > Nail Kits,263
267,Nail Polishes,Bath & Beauty > Makeup & Cosmetics > Nails > Nail Polishes,263
268,Nail Tools & Brushes,Bath & Beauty > Makeup & Cosmetics > Nails > Nail Tools & Brushes,263
1999,Clippers & Scissors,Bath & Beauty > Makeup & Cosmetics > Nails > Nail Tools & Brushes > Clippers & Scissors,268
9133,Cuticle Pushers,Bath & Beauty > Makeup & Cosmetics > Nails > Nail Tools & Brushes > Cuticle Pushers,268
1998,Dotting Tools,Bath & Beauty > Makeup & Cosmetics > Nails > Nail Tools & Brushes > Dotting Tools,268
9131,Nail Art Brushes,Bath & Beauty > Makeup & Cosmetics > Nails > Nail Tools & Brushes > Nail Art Brushes,268
9132,Nail Files,Bath & Beauty > Makeup & Cosmetics > Nails > Nail Tools & Brushes > Nail Files,268
2000,Polish Removal,Bath & Beauty > Makeup & Cosmetics > Nails > Nail Tools & Brushes > Polish Removal,268
269,Nail Treatments,Bath & Beauty > Makeup & Cosmetics > Nails > Nail Treatments,263
9174,Top & Base Coats,Bath & Beauty > Makeup & Cosmetics > Nails > Top & Base Coats,263
270,Personal Care,Bath & Beauty > Personal Care,199
271,Bug Repellent,Bath & Beauty > Personal Care > Bug Repellent,270
272,Canes & Walking,Bath & Beauty > Personal Care > Canes & Walking,270
273,Deodorant,Bath & Beauty > Personal Care > Deodorant,270
274,Menstrual Care,Bath & Beauty > Personal Care > Menstrual Care,270
11226,Pads & Pantyliners,Bath & Beauty > Personal Care > Menstrual Care > Pads & Pantyliners,274
11233,Period Underwear,Bath & Beauty > Personal Care > Menstrual Care > Period Underwear,274
275,Oral Care,Bath & Beauty > Personal Care > Oral Care,270
276,Sexual Wellness,Bath & Beauty > Personal Care > Sexual Wellness,270
277,Kegel Exercisers,Bath & Beauty > Personal Care > Sexual Wellness > Kegel Exercisers,276
279,Restraints,Bath & Beauty > Personal Care > Sexual Wellness > Restraints,276
281,Spanking & Flogging,Bath & Beauty > Personal Care > Sexual Wellness > Spanking & Flogging,276
2336,Crops,Bath & Beauty > Personal Care > Sexual Wellness > Spanking & Flogging > Crops,281
2334,Floggers,Bath & Beauty > Personal Care > Sexual Wellness > Spanking & Flogging > Floggers,281
2333,Paddles,Bath & Beauty > Personal Care > Sexual Wellness > Spanking & Flogging > Paddles,281
2335,Whips,Bath & Beauty > Personal Care > Sexual Wellness > Spanking & Flogging > Whips,281
282,Shaving & Grooming,Bath & Beauty > Personal Care > Shaving & Grooming,270
283,Aftershave,Bath & Beauty > Personal Care > Shaving & Grooming > Aftershave,282
284,Beard & Mustache,Bath & Beauty > Personal Care > Shaving & Grooming > Beard & Mustache,282
2003,Balms & Conditioner,Bath & Beauty > Personal Care > Shaving & Grooming > Beard & Mustache > Balms & Conditioner,284
2002,Waxes & Pomades,Bath & Beauty > Personal Care > Shaving & Grooming > Beard & Mustache > Waxes & Pomades,284
285,Razors,Bath & Beauty > Personal Care > Shaving & Grooming > Razors,282
286,Shaving Brushes & Cups,Bath & Beauty > Personal Care > Shaving & Grooming > Shaving Brushes & Cups,282
287,Shaving Kits & Sets,Bath & Beauty > Personal Care > Shaving & Grooming > Shaving Kits & Sets,282
288,Shaving Lubricants,Bath & Beauty > Personal Care > Shaving & Grooming > Shaving Lubricants,282
289,Waxing & Sugaring,Bath & Beauty > Personal Care > Shaving & Grooming > Waxing & Sugaring,282
1818,Sugaring,Bath & Beauty > Personal Care > Shaving & Grooming > Waxing & Sugaring > Sugaring,289
1817,Waxing,Bath & Beauty > Personal Care > Shaving & Grooming > Waxing & Sugaring > Waxing,289
290,Supplements,Bath & Beauty > Personal Care > Supplements,270
291,Tinctures,Bath & Beauty > Personal Care > Tinctures,270
292,Skin Care,Bath & Beauty > Skin Care,199
296,Exfoliation & Peels,Bath & Beauty > Skin Care > Exfoliation & Peels,292
297,Eye Treatments,Bath & Beauty > Skin Care > Eye Treatments,292
298,Facial Care,Bath & Beauty > Skin Care > Facial Care,292
300,Facial Scrubs & Washes,Bath & Beauty > Skin Care > Facial Care > Facial Scrubs & Washes,298
301,Facial Toner,Bath & Beauty > Skin Care > Facial Care > Facial Toner,298
299,Skin Treatment Masks,Bath & Beauty > Skin Care > Facial Care > Skin Treatment Masks,298
302,Moisturizers,Bath & Beauty > Skin Care > Moisturizers,292
303,Salves & Balms,Bath & Beauty > Skin Care > Salves & Balms,292
304,Tattooing & Henna,Bath & Beauty > Skin Care > Tattooing & Henna,292
305,Henna,Bath & Beauty > Skin Care > Tattooing & Henna > Henna,304
306,Tattoo Care,Bath & Beauty > Skin Care > Tattooing & Henna > Tattoo Care,304
6722,Tattoo Guns,Bath & Beauty > Skin Care > Tattooing & Henna > Tattoo Guns,304
307,Tattooing,Bath & Beauty > Skin Care > Tattooing & Henna > Tattooing,304
308,Soaps,Bath & Beauty > Soaps,199
309,Bar Soaps,Bath & Beauty > Soaps > Bar Soaps,308
310,Bath Bombs,Bath & Beauty > Soaps > Bath Bombs,308
311,Bath Oils,Bath & Beauty > Soaps > Bath Oils,308
312,Bath Salts & Scrubs,Bath & Beauty > Soaps > Bath Salts & Scrubs,308
313,Body Washes & Liquid Soaps,Bath & Beauty > Soaps > Body Washes & Liquid Soaps,308
314,Bubble Bath,Bath & Beauty > Soaps > Bubble Bath,308
315,Sachets & Soaks,Bath & Beauty > Soaps > Sachets & Soaks,308
316,Spa & Relaxation,Bath & Beauty > Spa & Relaxation,199
317,Aromatherapy,Bath & Beauty > Spa & Relaxation > Aromatherapy,316
318,Cold & Heat Packs,Bath & Beauty > Spa & Relaxation > Cold & Heat Packs,316
319,Massage,Bath & Beauty > Spa & Relaxation > Massage,316
320,Massage Oils,Bath & Beauty > Spa & Relaxation > Massage > Massage Oils,319
321,Massage Tools,Bath & Beauty > Spa & Relaxation > Massage > Massage Tools,319
322,Spa Kits & Gifts,Bath & Beauty > Spa & Relaxation > Spa Kits & Gifts,316
323,"Books, Movies & Music","Books, Movies & Music",
324,Books,"Books, Movies & Music > Books",323
335,Art & Photography Books,"Books, Movies & Music > Books > Art & Photography Books",324
12313,Audiobooks,"Books, Movies & Music > Books > Audiobooks",324
336,Biographies & Autobiographies,"Books, Movies & Music > Books > Biographies & Autobiographies",324
325,Blank Books,"Books, Movies & Music > Books > Blank Books",324
326,Journals & Notebooks,"Books, Movies & Music > Books > Blank Books > Journals & Notebooks",325
327,Sketchbooks,"Books, Movies & Music > Books > Blank Books > Sketchbooks",325
328,Book Accessories,"Books, Movies & Music > Books > Book Accessories",324
329,Book Covers,"Books, Movies & Music > Books > Book Accessories > Book Covers",328
12202,Book Stands,"Books, Movies & Music > Books > Book Accessories > Book Stands",328
331,Bookmarks,"Books, Movies & Music > Books > Book Accessories > Bookmarks",328
332,"Bookplates, Stamps, & Embossers","Books, Movies & Music > Books > Book Accessories > Bookplates, Stamps, & Embossers",328
337,Book Sets & Collections,"Books, Movies & Music > Books > Book Sets & Collections",324
338,Children's Books,"Books, Movies & Music > Books > Children's Books",324
339,Coloring Books,"Books, Movies & Music > Books > Coloring Books",324
340,Comics & Graphic Novels,"Books, Movies & Music > Books > Comics & Graphic Novels",324
341,Cookbooks,"Books, Movies & Music > Books > Cookbooks",324
343,Guides & How Tos,"Books, Movies & Music > Books > Guides & How Tos",324
344,Health & Fitness Books,"Books, Movies & Music > Books > Health & Fitness Books",324
345,History Books,"Books, Movies & Music > Books > History Books",324
346,Humor Books,"Books, Movies & Music > Books > Humor Books",324
347,Literature & Fiction,"Books, Movies & Music > Books > Literature & Fiction",324
2010,Horror,"Books, Movies & Music > Books > Literature & Fiction > Horror",347
2011,Literary Fiction,"Books, Movies & Music > Books > Literature & Fiction > Literary Fiction",347
2012,Mystery & Thriller,"Books, Movies & Music > Books > Literature & Fiction > Mystery & Thriller",347
2008,Romance,"Books, Movies & Music > Books > Literature & Fiction > Romance",347
2009,Sci Fi & Fantasy,"Books, Movies & Music > Books > Literature & Fiction > Sci Fi & Fantasy",347
2013,Young Adult,"Books, Movies & Music > Books > Literature & Fiction > Young Adult",347
349,Poetry Books,"Books, Movies & Music > Books > Poetry Books",324
350,Reference Books,"Books, Movies & Music > Books > Reference Books",324
351,Religion & Spirituality Books,"Books, Movies & Music > Books > Religion & Spirituality Books",324
352,Science & Math Books,"Books, Movies & Music > Books > Science & Math Books",324
353,Zines & Magazines,"Books, Movies & Music > Books > Zines & Magazines",324
2854,Magazines,"Books, Movies & Music > Books > Zines & Magazines > Magazines",353
2853,Zines,"Books, Movies & Music > Books > Zines & Magazines > Zines",353
355,Movies,"Books, Movies & Music > Movies",323
356,Music,"Books, Movies & Music > Music",323
357,Gig Bags & Instrument Cases,"Books, Movies & Music > Music > Gig Bags & Instrument Cases",356
358,Instrument Straps,"Books, Movies & Music > Music > Instrument Straps",356
369,Music Cases & Sleeves,"Books, Movies & Music > Music > Music Cases & Sleeves",356
359,Musical Instruments,"Books, Movies & Music > Music > Musical Instruments",356
360,Brass & Horns,"Books, Movies & Music > Music > Musical Instruments > Brass & Horns",359
2051,Cornet & Other Horns,"Books, Movies & Music > Music > Musical Instruments > Brass & Horns > Cornet & Other Horns",360
2047,French Horns,"Books, Movies & Music > Music > Musical Instruments > Brass & Horns > French Horns",360
2050,Trombones,"Books, Movies & Music > Music > Musical Instruments > Brass & Horns > Trombones",360
2046,Trumpets,"Books, Movies & Music > Music > Musical Instruments > Brass & Horns > Trumpets",360
2048,Tubas,"Books, Movies & Music > Music > Musical Instruments > Brass & Horns > Tubas",360
361,Drums & Percussion,"Books, Movies & Music > Music > Musical Instruments > Drums & Percussion",359
2037,Bass Drums,"Books, Movies & Music > Music > Musical Instruments > Drums & Percussion > Bass Drums",361
2036,Bongos,"Books, Movies & Music > Music > Musical Instruments > Drums & Percussion > Bongos",361
2027,Conga Drums,"Books, Movies & Music > Music > Musical Instruments > Drums & Percussion > Conga Drums",361
2033,Cymbals,"Books, Movies & Music > Music > Musical Instruments > Drums & Percussion > Cymbals",361
12203,Dhol Drums,"Books, Movies & Music > Music > Musical Instruments > Drums & Percussion > Dhol Drums",361
2025,Drum Kits,"Books, Movies & Music > Music > Musical Instruments > Drums & Percussion > Drum Kits",361
2034,Drum Thrones,"Books, Movies & Music > Music > Musical Instruments > Drums & Percussion > Drum Thrones",361
2026,Drumsticks,"Books, Movies & Music > Music > Musical Instruments > Drums & Percussion > Drumsticks",361
6068,Maracas & Shakers,"Books, Movies & Music > Music > Musical Instruments > Drums & Percussion > Maracas & Shakers",361
2031,Marimbas,"Books, Movies & Music > Music > Musical Instruments > Drums & Percussion > Marimbas",361
2029,Snare Drums,"Books, Movies & Music > Music > Musical Instruments > Drums & Percussion > Snare Drums",361
2035,Steel Drums,"Books, Movies & Music > Music > Musical Instruments > Drums & Percussion > Steel Drums",361
2028,Toms,"Books, Movies & Music > Music > Musical Instruments > Drums & Percussion > Toms",361
2030,Triangles,"Books, Movies & Music > Music > Musical Instruments > Drums & Percussion > Triangles",361
2032,Xylophones,"Books, Movies & Music > Music > Musical Instruments > Drums & Percussion > Xylophones",361
362,Microphones,"Books, Movies & Music > Music > Musical Instruments > Microphones",359
363,Pianos & Keyboards,"Books, Movies & Music > Music > Musical Instruments > Pianos & Keyboards",359
2024,Accordions,"Books, Movies & Music > Music > Musical Instruments > Pianos & Keyboards > Accordions",363
2022,Keyboards,"Books, Movies & Music > Music > Musical Instruments > Pianos & Keyboards > Keyboards",363
2023,Keytars,"Books, Movies & Music > Music > Musical Instruments > Pianos & Keyboards > Keytars",363
2021,Pianos,"Books, Movies & Music > Music > Musical Instruments > Pianos & Keyboards > Pianos",363
364,Stringed Instruments,"Books, Movies & Music > Music > Musical Instruments > Stringed Instruments",359
2014,Banjos,"Books, Movies & Music > Music > Musical Instruments > Stringed Instruments > Banjos",364
2019,Bows,"Books, Movies & Music > Music > Musical Instruments > Stringed Instruments > Bows",364
2015,Guitars,"Books, Movies & Music > Music > Musical Instruments > Stringed Instruments > Guitars",364
2017,Harps & Lyres,"Books, Movies & Music > Music > Musical Instruments > Stringed Instruments > Harps & Lyres",364
2829,Mandolins,"Books, Movies & Music > Music > Musical Instruments > Stringed Instruments > Mandolins",364
2020,Replacement Strings,"Books, Movies & Music > Music > Musical Instruments > Stringed Instruments > Replacement Strings",364
2016,Ukuleles,"Books, Movies & Music > Music > Musical Instruments > Stringed Instruments > Ukuleles",364
2018,Violins & Bows,"Books, Movies & Music > Music > Musical Instruments > Stringed Instruments > Violins & Bows",364
365,Synthesizers & Effects,"Books, Movies & Music > Music > Musical Instruments > Synthesizers & Effects",359
2406,Drum Machines,"Books, Movies & Music > Music > Musical Instruments > Synthesizers & Effects > Drum Machines",365
2407,Loopers,"Books, Movies & Music > Music > Musical Instruments > Synthesizers & Effects > Loopers",365
2404,Pedals,"Books, Movies & Music > Music > Musical Instruments > Synthesizers & Effects > Pedals",365
2405,Synthesizers,"Books, Movies & Music > Music > Musical Instruments > Synthesizers & Effects > Synthesizers",365
367,Tuning & Accessories,"Books, Movies & Music > Music > Musical Instruments > Tuning & Accessories",359
368,Woodwinds,"Books, Movies & Music > Music > Musical Instruments > Woodwinds",359
2044,Bagpipes,"Books, Movies & Music > Music > Musical Instruments > Woodwinds > Bagpipes",368
2039,Clarinets,"Books, Movies & Music > Music > Musical Instruments > Woodwinds > Clarinets",368
2041,Didgeridoos,"Books, Movies & Music > Music > Musical Instruments > Woodwinds > Didgeridoos",368
2038,Flutes,"Books, Movies & Music > Music > Musical Instruments > Woodwinds > Flutes",368
2043,Harmonicas,"Books, Movies & Music > Music > Musical Instruments > Woodwinds > Harmonicas",368
2040,Oboes,"Books, Movies & Music > Music > Musical Instruments > Woodwinds > Oboes",368
2045,Recorders,"Books, Movies & Music > Music > Musical Instruments > Woodwinds > Recorders",368
2049,Saxophones,"Books, Movies & Music > Music > Musical Instruments > Woodwinds > Saxophones",368
2042,Whistles,"Books, Movies & Music > Music > Musical Instruments > Woodwinds > Whistles",368
370,Picks & Slides,"Books, Movies & Music > Music > Picks & Slides",356
2099,Picks,"Books, Movies & Music > Music > Picks & Slides > Picks",370
2100,Slides,"Books, Movies & Music > Music > Picks & Slides > Slides",370
371,Recorded Audio,"Books, Movies & Music > Music > Recorded Audio",356
12368,8-Track Tapes,"Books, Movies & Music > Music > Recorded Audio > 8-Track Tapes",371
12314,CDs,"Books, Movies & Music > Music > Recorded Audio > CDs",371
12315,Cassette Tapes,"Books, Movies & Music > Music > Recorded Audio > Cassette Tapes",371
12318,Digital Music,"Books, Movies & Music > Music > Recorded Audio > Digital Music",371
12375,Minidiscs,"Books, Movies & Music > Music > Recorded Audio > Minidiscs",371
12373,Reel-to-Reel Tapes,"Books, Movies & Music > Music > Recorded Audio > Reel-to-Reel Tapes",371
12317,Ringtones,"Books, Movies & Music > Music > Recorded Audio > Ringtones",371
12316,Vinyl Records,"Books, Movies & Music > Music > Recorded Audio > Vinyl Records",371
12374,Wax Cylinders,"Books, Movies & Music > Music > Recorded Audio > Wax Cylinders",371
372,Sheet Music,"Books, Movies & Music > Music > Sheet Music",356
373,Video Cases & Tins,"Books, Movies & Music > Video Cases & Tins",323
374,Clothing,Clothing,
375,Boys' Clothing,Clothing > Boys' Clothing,374
377,Baby Boys' Clothing,Clothing > Boys' Clothing > Baby Boys' Clothing,375
378,"Bloomers, Diaper Covers & Underwear","Clothing > Boys' Clothing > Baby Boys' Clothing > Bloomers, Diaper Covers & Underwear",377
2180,Bloomers,"Clothing > Boys' Clothing > Baby Boys' Clothing > Bloomers, Diaper Covers & Underwear > Bloomers",378
2184,Diaper Covers,"Clothing > Boys' Clothing > Baby Boys' Clothing > Bloomers, Diaper Covers & Underwear > Diaper Covers",378
2181,Underwear,"Clothing > Boys' Clothing > Baby Boys' Clothing > Bloomers, Diaper Covers & Underwear > Underwear",378
379,Bodysuits,Clothing > Boys' Clothing > Baby Boys' Clothing > Bodysuits,377
380,Clothing Sets,Clothing > Boys' Clothing > Baby Boys' Clothing > Clothing Sets,377
381,Costumes,Clothing > Boys' Clothing > Baby Boys' Clothing > Costumes,377
382,Hoodies & Sweatshirts,Clothing > Boys' Clothing > Baby Boys' Clothing > Hoodies & Sweatshirts,377
1849,Hoodies,Clothing > Boys' Clothing > Baby Boys' Clothing > Hoodies & Sweatshirts > Hoodies,382
2170,Sweatshirts,Clothing > Boys' Clothing > Baby Boys' Clothing > Hoodies & Sweatshirts > Sweatshirts,382
383,Pants,Clothing > Boys' Clothing > Baby Boys' Clothing > Pants,377
384,Socks & Leg Warmers,Clothing > Boys' Clothing > Baby Boys' Clothing > Socks & Leg Warmers,377
1842,Leg Warmers,Clothing > Boys' Clothing > Baby Boys' Clothing > Socks & Leg Warmers > Leg Warmers,384
1841,Socks,Clothing > Boys' Clothing > Baby Boys' Clothing > Socks & Leg Warmers > Socks,384
6091,Suits,Clothing > Boys' Clothing > Baby Boys' Clothing > Suits,377
385,Sweaters,Clothing > Boys' Clothing > Baby Boys' Clothing > Sweaters,377
386,Tops,Clothing > Boys' Clothing > Baby Boys' Clothing > Tops,377
6092,Vests,Clothing > Boys' Clothing > Baby Boys' Clothing > Vests,377
387,Bodysuits,Clothing > Boys' Clothing > Bodysuits,375
388,Clothing Sets,Clothing > Boys' Clothing > Clothing Sets,375
389,Costumes,Clothing > Boys' Clothing > Costumes,375
390,Footies & Rompers,Clothing > Boys' Clothing > Footies & Rompers,375
2185,Footies,Clothing > Boys' Clothing > Footies & Rompers > Footies,390
2186,Rompers,Clothing > Boys' Clothing > Footies & Rompers > Rompers,390
391,Hoodies & Sweatshirts,Clothing > Boys' Clothing > Hoodies & Sweatshirts,375
2187,Hoodies,Clothing > Boys' Clothing > Hoodies & Sweatshirts > Hoodies,391
2188,Sweatshirts,Clothing > Boys' Clothing > Hoodies & Sweatshirts > Sweatshirts,391
392,Jackets & Coats,Clothing > Boys' Clothing > Jackets & Coats,375
11138,Jeans,Clothing > Boys' Clothing > Jeans,375
11221,Leggings,Clothing > Boys' Clothing > Leggings,375
11239,Overalls & Coveralls,Clothing > Boys' Clothing > Overalls & Coveralls,375
393,Pajamas & Robes,Clothing > Boys' Clothing > Pajamas & Robes,375
1819,Pajamas,Clothing > Boys' Clothing > Pajamas & Robes > Pajamas,393
11189,One-Piece,Clothing > Boys' Clothing > Pajamas & Robes > Pajamas > One-Piece,1819
11190,Sets,Clothing > Boys' Clothing > Pajamas & Robes > Pajamas > Sets,1819
11191,Sleep Shorts & Bottoms,Clothing > Boys' Clothing > Pajamas & Robes > Pajamas > Sleep Shorts & Bottoms,1819
11194,Tops,Clothing > Boys' Clothing > Pajamas & Robes > Pajamas > Tops,1819
1820,Robes,Clothing > Boys' Clothing > Pajamas & Robes > Robes,393
394,Pants,Clothing > Boys' Clothing > Pants,375
2832,Ponchos,Clothing > Boys' Clothing > Ponchos,375
395,Shorts,Clothing > Boys' Clothing > Shorts,375
11212,Socks & Leg Warmers,Clothing > Boys' Clothing > Socks & Leg Warmers,375
11213,Leg Warmers,Clothing > Boys' Clothing > Socks & Leg Warmers > Leg Warmers,11212
396,Socks,Clothing > Boys' Clothing > Socks & Leg Warmers > Socks,11212
376,Sports & Fitness,Clothing > Boys' Clothing > Sports & Fitness,375
6089,Suits,Clothing > Boys' Clothing > Suits,375
397,Sweaters,Clothing > Boys' Clothing > Sweaters,375
11207,Cardigans,Clothing > Boys' Clothing > Sweaters > Cardigans,397
11208,Pullover Sweaters,Clothing > Boys' Clothing > Sweaters > Pullover Sweaters,397
11209,Sweater Vests,Clothing > Boys' Clothing > Sweaters > Sweater Vests,397
398,Swimwear,Clothing > Boys' Clothing > Swimwear,375
399,Tops & Tees,Clothing > Boys' Clothing > Tops & Tees,375
11133,Dress Shirts & Button Downs,Clothing > Boys' Clothing > Tops & Tees > Dress Shirts & Button Downs,399
12198,Kurtas,Clothing > Boys' Clothing > Tops & Tees > Kurtas,399
11134,Polos,Clothing > Boys' Clothing > Tops & Tees > Polos,399
11136,T-shirts,Clothing > Boys' Clothing > Tops & Tees > T-shirts,399
11135,Tanks,Clothing > Boys' Clothing > Tops & Tees > Tanks,399
400,Underwear,Clothing > Boys' Clothing > Underwear,375
6090,Vests,Clothing > Boys' Clothing > Vests,375
465,Gender-Neutral Adult Clothing,Clothing > Gender-Neutral Adult Clothing,374
467,Blazers,Clothing > Gender-Neutral Adult Clothing > Blazers,465
468,Costumes,Clothing > Gender-Neutral Adult Clothing > Costumes,465
469,Hoodies & Sweatshirts,Clothing > Gender-Neutral Adult Clothing > Hoodies & Sweatshirts,465
1853,Hoodies,Clothing > Gender-Neutral Adult Clothing > Hoodies & Sweatshirts > Hoodies,469
2202,Sweatshirts,Clothing > Gender-Neutral Adult Clothing > Hoodies & Sweatshirts > Sweatshirts,469
2142,Jackets & Coats,Clothing > Gender-Neutral Adult Clothing > Jackets & Coats,465
470,Jeans,Clothing > Gender-Neutral Adult Clothing > Jeans,465
11223,Leggings,Clothing > Gender-Neutral Adult Clothing > Leggings,465
1756,Overalls & Coveralls,Clothing > Gender-Neutral Adult Clothing > Overalls & Coveralls,465
1755,Pajamas & Robes,Clothing > Gender-Neutral Adult Clothing > Pajamas & Robes,465
1830,Pajamas,Clothing > Gender-Neutral Adult Clothing > Pajamas & Robes > Pajamas,1755
11195,One-Piece,Clothing > Gender-Neutral Adult Clothing > Pajamas & Robes > Pajamas > One-Piece,1830
11196,Sets,Clothing > Gender-Neutral Adult Clothing > Pajamas & Robes > Pajamas > Sets,1830
11198,Sleep Shorts & Bottoms,Clothing > Gender-Neutral Adult Clothing > Pajamas & Robes > Pajamas > Sleep Shorts & Bottoms,1830
11197,Tops,Clothing > Gender-Neutral Adult Clothing > Pajamas & Robes > Pajamas > Tops,1830
1831,Robes,Clothing > Gender-Neutral Adult Clothing > Pajamas & Robes > Robes,1755
471,Pants,Clothing > Gender-Neutral Adult Clothing > Pants,465
2836,Ponchos,Clothing > Gender-Neutral Adult Clothing > Ponchos,465
1754,Shorts,Clothing > Gender-Neutral Adult Clothing > Shorts,465
11166,Skirts & Kilts,Clothing > Gender-Neutral Adult Clothing > Skirts & Kilts,465
472,Socks & Hosiery,Clothing > Gender-Neutral Adult Clothing > Socks & Hosiery,465
11163,Athletic Socks,Clothing > Gender-Neutral Adult Clothing > Socks & Hosiery > Athletic Socks,472
473,Casual Socks,Clothing > Gender-Neutral Adult Clothing > Socks & Hosiery > Casual Socks,472
474,Dress Socks,Clothing > Gender-Neutral Adult Clothing > Socks & Hosiery > Dress Socks,472
11164,Hosiery,Clothing > Gender-Neutral Adult Clothing > Socks & Hosiery > Hosiery,472
466,Sports & Fitness,Clothing > Gender-Neutral Adult Clothing > Sports & Fitness,465
475,Suits,Clothing > Gender-Neutral Adult Clothing > Suits,465
476,Sweaters,Clothing > Gender-Neutral Adult Clothing > Sweaters,465
477,Swimwear,Clothing > Gender-Neutral Adult Clothing > Swimwear,465
478,Tops & Tees,Clothing > Gender-Neutral Adult Clothing > Tops & Tees,465
479,Oxfords,Clothing > Gender-Neutral Adult Clothing > Tops & Tees > Oxfords,478
480,Polos,Clothing > Gender-Neutral Adult Clothing > Tops & Tees > Polos,478
482,T-shirts,Clothing > Gender-Neutral Adult Clothing > Tops & Tees > T-shirts,478
481,Tanks,Clothing > Gender-Neutral Adult Clothing > Tops & Tees > Tanks,478
483,Underwear,Clothing > Gender-Neutral Adult Clothing > Underwear,465
2915,Vests,Clothing > Gender-Neutral Adult Clothing > Vests,465
484,Gender-Neutral Kids' Clothing,Clothing > Gender-Neutral Kids' Clothing,374
486,Bodysuits,Clothing > Gender-Neutral Kids' Clothing > Bodysuits,484
487,Clothing Sets,Clothing > Gender-Neutral Kids' Clothing > Clothing Sets,484
488,Costumes,Clothing > Gender-Neutral Kids' Clothing > Costumes,484
489,Footies & Rompers,Clothing > Gender-Neutral Kids' Clothing > Footies & Rompers,484
2122,Gender-Neutral Baby Clothing,Clothing > Gender-Neutral Kids' Clothing > Gender-Neutral Baby Clothing,484
2123,"Bloomers, Diaper Covers & Underwear","Clothing > Gender-Neutral Kids' Clothing > Gender-Neutral Baby Clothing > Bloomers, Diaper Covers & Underwear",2122
2192,Bloomers,"Clothing > Gender-Neutral Kids' Clothing > Gender-Neutral Baby Clothing > Bloomers, Diaper Covers & Underwear > Bloomers",2123
2193,Diaper Covers,"Clothing > Gender-Neutral Kids' Clothing > Gender-Neutral Baby Clothing > Bloomers, Diaper Covers & Underwear > Diaper Covers",2123
2194,Underwear,"Clothing > Gender-Neutral Kids' Clothing > Gender-Neutral Baby Clothing > Bloomers, Diaper Covers & Underwear > Underwear",2123
2124,Bodysuits,Clothing > Gender-Neutral Kids' Clothing > Gender-Neutral Baby Clothing > Bodysuits,2122
2125,Clothing Sets,Clothing > Gender-Neutral Kids' Clothing > Gender-Neutral Baby Clothing > Clothing Sets,2122
2126,Costumes,Clothing > Gender-Neutral Kids' Clothing > Gender-Neutral Baby Clothing > Costumes,2122
2127,Hoodies & Sweatshirts,Clothing > Gender-Neutral Kids' Clothing > Gender-Neutral Baby Clothing > Hoodies & Sweatshirts,2122
2129,Pajamas & Robes,Clothing > Gender-Neutral Kids' Clothing > Gender-Neutral Baby Clothing > Pajamas & Robes,2122
2130,Pajamas,Clothing > Gender-Neutral Kids' Clothing > Gender-Neutral Baby Clothing > Pajamas & Robes > Pajamas,2129
2131,Robes,Clothing > Gender-Neutral Kids' Clothing > Gender-Neutral Baby Clothing > Pajamas & Robes > Robes,2129
2132,Pants,Clothing > Gender-Neutral Kids' Clothing > Gender-Neutral Baby Clothing > Pants,2122
2133,Socks & Leg Warmers,Clothing > Gender-Neutral Kids' Clothing > Gender-Neutral Baby Clothing > Socks & Leg Warmers,2122
2135,Leg Warmers,Clothing > Gender-Neutral Kids' Clothing > Gender-Neutral Baby Clothing > Socks & Leg Warmers > Leg Warmers,2133
2134,Socks,Clothing > Gender-Neutral Kids' Clothing > Gender-Neutral Baby Clothing > Socks & Leg Warmers > Socks,2133
2136,Sweaters,Clothing > Gender-Neutral Kids' Clothing > Gender-Neutral Baby Clothing > Sweaters,2122
2137,Tops,Clothing > Gender-Neutral Kids' Clothing > Gender-Neutral Baby Clothing > Tops,2122
490,Hoodies & Sweatshirts,Clothing > Gender-Neutral Kids' Clothing > Hoodies & Sweatshirts,484
1854,Hoodies,Clothing > Gender-Neutral Kids' Clothing > Hoodies & Sweatshirts > Hoodies,490
2203,Sweatshirts,Clothing > Gender-Neutral Kids' Clothing > Hoodies & Sweatshirts > Sweatshirts,490
491,Jackets & Coats,Clothing > Gender-Neutral Kids' Clothing > Jackets & Coats,484
11244,Jeans,Clothing > Gender-Neutral Kids' Clothing > Jeans,484
11222,Leggings,Clothing > Gender-Neutral Kids' Clothing > Leggings,484
11242,Overalls,Clothing > Gender-Neutral Kids' Clothing > Overalls,484
492,Pajamas & Robes,Clothing > Gender-Neutral Kids' Clothing > Pajamas & Robes,484
1832,Pajamas,Clothing > Gender-Neutral Kids' Clothing > Pajamas & Robes > Pajamas,492
11199,One-Piece,Clothing > Gender-Neutral Kids' Clothing > Pajamas & Robes > Pajamas > One-Piece,1832
11200,Sets,Clothing > Gender-Neutral Kids' Clothing > Pajamas & Robes > Pajamas > Sets,1832
11202,Sleep Shorts & Bottoms,Clothing > Gender-Neutral Kids' Clothing > Pajamas & Robes > Pajamas > Sleep Shorts & Bottoms,1832
11201,Tops,Clothing > Gender-Neutral Kids' Clothing > Pajamas & Robes > Pajamas > Tops,1832
1833,Robes,Clothing > Gender-Neutral Kids' Clothing > Pajamas & Robes > Robes,492
493,Pants,Clothing > Gender-Neutral Kids' Clothing > Pants,484
2837,Ponchos,Clothing > Gender-Neutral Kids' Clothing > Ponchos,484
494,Shorts,Clothing > Gender-Neutral Kids' Clothing > Shorts,484
11243,Skirts & Kilts,Clothing > Gender-Neutral Kids' Clothing > Skirts & Kilts,484
495,Socks & Leg Warmers,Clothing > Gender-Neutral Kids' Clothing > Socks & Leg Warmers,484
1848,Leg Warmers,Clothing > Gender-Neutral Kids' Clothing > Socks & Leg Warmers > Leg Warmers,495
1847,Socks,Clothing > Gender-Neutral Kids' Clothing > Socks & Leg Warmers > Socks,495
485,Sports & Fitness,Clothing > Gender-Neutral Kids' Clothing > Sports & Fitness,484
496,Sweaters,Clothing > Gender-Neutral Kids' Clothing > Sweaters,484
497,Swimwear,Clothing > Gender-Neutral Kids' Clothing > Swimwear,484
498,Tops & Tees,Clothing > Gender-Neutral Kids' Clothing > Tops & Tees,484
11173,Dress Shirts & Button Downs,Clothing > Gender-Neutral Kids' Clothing > Tops & Tees > Dress Shirts & Button Downs,498
11169,Polos,Clothing > Gender-Neutral Kids' Clothing > Tops & Tees > Polos,498
11170,T-shirts,Clothing > Gender-Neutral Kids' Clothing > Tops & Tees > T-shirts,498
11172,Tanks,Clothing > Gender-Neutral Kids' Clothing > Tops & Tees > Tanks,498
499,Underwear,Clothing > Gender-Neutral Kids' Clothing > Underwear,484
11211,Vests,Clothing > Gender-Neutral Kids' Clothing > Vests,484
401,Girls' Clothing,Clothing > Girls' Clothing,374
403,Baby Girls' Clothing,Clothing > Girls' Clothing > Baby Girls' Clothing,401
404,"Bloomers, Diaper Covers & Underwear","Clothing > Girls' Clothing > Baby Girls' Clothing > Bloomers, Diaper Covers & Underwear",403
2189,Bloomers,"Clothing > Girls' Clothing > Baby Girls' Clothing > Bloomers, Diaper Covers & Underwear > Bloomers",404
2190,Diaper Covers,"Clothing > Girls' Clothing > Baby Girls' Clothing > Bloomers, Diaper Covers & Underwear > Diaper Covers",404
2191,Underwear,"Clothing > Girls' Clothing > Baby Girls' Clothing > Bloomers, Diaper Covers & Underwear > Underwear",404
405,Bodysuits,Clothing > Girls' Clothing > Baby Girls' Clothing > Bodysuits,403
406,Clothing Sets,Clothing > Girls' Clothing > Baby Girls' Clothing > Clothing Sets,403
407,Costumes,Clothing > Girls' Clothing > Baby Girls' Clothing > Costumes,403
408,Dresses,Clothing > Girls' Clothing > Baby Girls' Clothing > Dresses,403
409,Hoodies & Sweatshirts,Clothing > Girls' Clothing > Baby Girls' Clothing > Hoodies & Sweatshirts,403
1850,Hoodies,Clothing > Girls' Clothing > Baby Girls' Clothing > Hoodies & Sweatshirts > Hoodies,409
2199,Sweatshirts,Clothing > Girls' Clothing > Baby Girls' Clothing > Hoodies & Sweatshirts > Sweatshirts,409
410,Pajamas & Robes,Clothing > Girls' Clothing > Baby Girls' Clothing > Pajamas & Robes,403
1824,Pajamas,Clothing > Girls' Clothing > Baby Girls' Clothing > Pajamas & Robes > Pajamas,410
1823,Robes,Clothing > Girls' Clothing > Baby Girls' Clothing > Pajamas & Robes > Robes,410
411,Pants,Clothing > Girls' Clothing > Baby Girls' Clothing > Pants,403
412,Skirts,Clothing > Girls' Clothing > Baby Girls' Clothing > Skirts,403
413,Socks & Leg Warmers,Clothing > Girls' Clothing > Baby Girls' Clothing > Socks & Leg Warmers,403
1844,Leg Warmers,Clothing > Girls' Clothing > Baby Girls' Clothing > Socks & Leg Warmers > Leg Warmers,413
1843,Socks,Clothing > Girls' Clothing > Baby Girls' Clothing > Socks & Leg Warmers > Socks,413
414,Sweaters,Clothing > Girls' Clothing > Baby Girls' Clothing > Sweaters,403
415,Tops,Clothing > Girls' Clothing > Baby Girls' Clothing > Tops,403
416,Bodysuits,Clothing > Girls' Clothing > Bodysuits,401
417,Clothing Sets,Clothing > Girls' Clothing > Clothing Sets,401
418,Costumes,Clothing > Girls' Clothing > Costumes,401
419,Dresses,Clothing > Girls' Clothing > Dresses,401
420,Footies & Rompers,Clothing > Girls' Clothing > Footies & Rompers,401
11150,Footies,Clothing > Girls' Clothing > Footies & Rompers > Footies,420
11151,Rompers,Clothing > Girls' Clothing > Footies & Rompers > Rompers,420
421,Hoodies & Sweatshirts,Clothing > Girls' Clothing > Hoodies & Sweatshirts,401
1851,Hoodies,Clothing > Girls' Clothing > Hoodies & Sweatshirts > Hoodies,421
2200,Sweatshirts,Clothing > Girls' Clothing > Hoodies & Sweatshirts > Sweatshirts,421
422,Jackets & Coats,Clothing > Girls' Clothing > Jackets & Coats,401
11147,Jeans,Clothing > Girls' Clothing > Jeans,401
11162,Leggings,Clothing > Girls' Clothing > Leggings,401
12201,Lehengas,Clothing > Girls' Clothing > Lehengas,401
11241,Overalls,Clothing > Girls' Clothing > Overalls,401
423,Pajamas & Robes,Clothing > Girls' Clothing > Pajamas & Robes,401
1821,Pajamas,Clothing > Girls' Clothing > Pajamas & Robes > Pajamas,423
11182,Night Gowns & Tops,Clothing > Girls' Clothing > Pajamas & Robes > Pajamas > Night Gowns & Tops,1821
11183,Rompers & One-Piece,Clothing > Girls' Clothing > Pajamas & Robes > Pajamas > Rompers & One-Piece,1821
11184,Sets,Clothing > Girls' Clothing > Pajamas & Robes > Pajamas > Sets,1821
11185,Sleep Shorts & Bottoms,Clothing > Girls' Clothing > Pajamas & Robes > Pajamas > Sleep Shorts & Bottoms,1821
1822,Robes,Clothing > Girls' Clothing > Pajamas & Robes > Robes,423
424,Pants & Capris,Clothing > Girls' Clothing > Pants & Capris,401
2833,Ponchos,Clothing > Girls' Clothing > Ponchos,401
12200,Salwar Kameez,Clothing > Girls' Clothing > Salwar Kameez,401
425,Shorts & Skorts,Clothing > Girls' Clothing > Shorts & Skorts,401
11152,Shorts,Clothing > Girls' Clothing > Shorts & Skorts > Shorts,425
11153,Skorts,Clothing > Girls' Clothing > Shorts & Skorts > Skorts,425
426,Skirts,Clothing > Girls' Clothing > Skirts,401
427,Socks & Leg Warmers,Clothing > Girls' Clothing > Socks & Leg Warmers,401
1846,Leg Warmers,Clothing > Girls' Clothing > Socks & Leg Warmers > Leg Warmers,427
1845,Socks,Clothing > Girls' Clothing > Socks & Leg Warmers > Socks,427
11240,Tights & Hosiery,Clothing > Girls' Clothing > Socks & Leg Warmers > Tights & Hosiery,427
402,Sports & Fitness,Clothing > Girls' Clothing > Sports & Fitness,401
428,Sweaters,Clothing > Girls' Clothing > Sweaters,401
11204,Cardigans,Clothing > Girls' Clothing > Sweaters > Cardigans,428
11205,Pullover Sweaters,Clothing > Girls' Clothing > Sweaters > Pullover Sweaters,428
11225,Shrugs & Boleros,Clothing > Girls' Clothing > Sweaters > Shrugs & Boleros,428
11206,Sweater Vests,Clothing > Girls' Clothing > Sweaters > Sweater Vests,428
429,Swimwear,Clothing > Girls' Clothing > Swimwear,401
430,Tops & Tees,Clothing > Girls' Clothing > Tops & Tees,401
11140,Blouses,Clothing > Girls' Clothing > Tops & Tees > Blouses,430
11154,Crop & Tube Tops,Clothing > Girls' Clothing > Tops & Tees > Crop & Tube Tops,430
11155,Crop Tops,Clothing > Girls' Clothing > Tops & Tees > Crop & Tube Tops > Crop Tops,11154
11156,Tube Tops,Clothing > Girls' Clothing > Tops & Tees > Crop & Tube Tops > Tube Tops,11154
12199,Kurtas & Kurtis,Clothing > Girls' Clothing > Tops & Tees > Kurtas & Kurtis,430
11141,Polos,Clothing > Girls' Clothing > Tops & Tees > Polos,430
11143,T-shirts,Clothing > Girls' Clothing > Tops & Tees > T-shirts,430
11142,Tanks,Clothing > Girls' Clothing > Tops & Tees > Tanks,430
11145,Tunics,Clothing > Girls' Clothing > Tops & Tees > Tunics,430
431,Underwear,Clothing > Girls' Clothing > Underwear,401
11157,Camisoles,Clothing > Girls' Clothing > Underwear > Camisoles,431
11161,Panties,Clothing > Girls' Clothing > Underwear > Panties,431
11158,Petticoats,Clothing > Girls' Clothing > Underwear > Petticoats,431
11159,Slips,Clothing > Girls' Clothing > Underwear > Slips,431
11160,Training Bras & Bralettes,Clothing > Girls' Clothing > Underwear > Training Bras & Bralettes,431
11146,Vests,Clothing > Girls' Clothing > Vests,401
432,Men's Clothing,Clothing > Men's Clothing,374
434,Costumes,Clothing > Men's Clothing > Costumes,432
435,Hoodies & Sweatshirts,Clothing > Men's Clothing > Hoodies & Sweatshirts,432
1852,Hoodies,Clothing > Men's Clothing > Hoodies & Sweatshirts > Hoodies,435
2201,Sweatshirts,Clothing > Men's Clothing > Hoodies & Sweatshirts > Sweatshirts,435
436,Jackets & Coats,Clothing > Men's Clothing > Jackets & Coats,432
2826,Jeans,Clothing > Men's Clothing > Jeans,432
437,Kilts & Skirts,Clothing > Men's Clothing > Kilts & Skirts,432
11224,Leggings,Clothing > Men's Clothing > Leggings,432
11131,Overalls & Coveralls,Clothing > Men's Clothing > Overalls & Coveralls,432
438,Pajamas & Robes,Clothing > Men's Clothing > Pajamas & Robes,432
11179,One-Piece,Clothing > Men's Clothing > Pajamas & Robes > One-Piece,438
439,Robes,Clothing > Men's Clothing > Pajamas & Robes > Robes,438
440,Sets,Clothing > Men's Clothing > Pajamas & Robes > Sets,438
441,Sleep Shorts & Bottoms,Clothing > Men's Clothing > Pajamas & Robes > Sleep Shorts & Bottoms,438
11181,Pants,Clothing > Men's Clothing > Pajamas & Robes > Sleep Shorts & Bottoms > Pants,441
11180,Shorts,Clothing > Men's Clothing > Pajamas & Robes > Sleep Shorts & Bottoms > Shorts,441
442,Tops,Clothing > Men's Clothing > Pajamas & Robes > Tops,438
443,Pants,Clothing > Men's Clothing > Pants,432
2834,Ponchos,Clothing > Men's Clothing > Ponchos,432
444,Shirts & Tees,Clothing > Men's Clothing > Shirts & Tees,432
445,Dress Shirts,Clothing > Men's Clothing > Shirts & Tees > Dress Shirts,444
12171,Kurtas,Clothing > Men's Clothing > Shirts & Tees > Kurtas,444
446,Oxfords & Button Downs,Clothing > Men's Clothing > Shirts & Tees > Oxfords & Button Downs,444
447,Polos,Clothing > Men's Clothing > Shirts & Tees > Polos,444
449,T-shirts,Clothing > Men's Clothing > Shirts & Tees > T-shirts,444
448,Tanks,Clothing > Men's Clothing > Shirts & Tees > Tanks,444
450,Shorts,Clothing > Men's Clothing > Shorts,432
451,Socks,Clothing > Men's Clothing > Socks,432
452,Athletic Socks,Clothing > Men's Clothing > Socks > Athletic Socks,451
453,Casual Socks,Clothing > Men's Clothing > Socks > Casual Socks,451
454,Dress Socks,Clothing > Men's Clothing > Socks > Dress Socks,451
433,Sports & Fitness,Clothing > Men's Clothing > Sports & Fitness,432
455,Suits & Sport Coats,Clothing > Men's Clothing > Suits & Sport Coats,432
12246,Jodhpuri Suits,Clothing > Men's Clothing > Suits & Sport Coats > Jodhpuri Suits,455
12180,Kurta Sets,Clothing > Men's Clothing > Suits & Sport Coats > Kurta Sets,455
1826,Sport Coats,Clothing > Men's Clothing > Suits & Sport Coats > Sport Coats,455
1825,Suits,Clothing > Men's Clothing > Suits & Sport Coats > Suits,455
456,Sweaters,Clothing > Men's Clothing > Sweaters,432
457,Cardigans,Clothing > Men's Clothing > Sweaters > Cardigans,456
458,Pullover Sweaters,Clothing > Men's Clothing > Sweaters > Pullover Sweaters,456
459,Sweater Vests,Clothing > Men's Clothing > Sweaters > Sweater Vests,456
460,Swimwear,Clothing > Men's Clothing > Swimwear,432
461,Underwear,Clothing > Men's Clothing > Underwear,432
462,Boxers & Briefs,Clothing > Men's Clothing > Underwear > Boxers & Briefs,461
1829,Boxer Briefs,Clothing > Men's Clothing > Underwear > Boxers & Briefs > Boxer Briefs,462
1827,Boxers,Clothing > Men's Clothing > Underwear > Boxers & Briefs > Boxers,462
1828,Briefs,Clothing > Men's Clothing > Underwear > Boxers & Briefs > Briefs,462
11132,Harnesses,Clothing > Men's Clothing > Underwear > Harnesses,461
463,Jockstraps,Clothing > Men's Clothing > Underwear > Jockstraps,461
464,Undershirts,Clothing > Men's Clothing > Underwear > Undershirts,461
2838,Vests,Clothing > Men's Clothing > Vests,432
500,Women's Clothing,Clothing > Women's Clothing,374
11112,Blazers & Suits,Clothing > Women's Clothing > Blazers & Suits,500
502,Blazers,Clothing > Women's Clothing > Blazers & Suits > Blazers,11112
12452,Dress Material,Clothing > Women's Clothing > Blazers & Suits > Dress Material,11112
12173,Kurta & Kurti Sets,Clothing > Women's Clothing > Blazers & Suits > Kurta & Kurti Sets,11112
12172,Salwar Kameez,Clothing > Women's Clothing > Blazers & Suits > Salwar Kameez,11112
547,Suits,Clothing > Women's Clothing > Blazers & Suits > Suits,11112
11113,Bodysuits & Catsuits,Clothing > Women's Clothing > Bodysuits & Catsuits,500
503,Bodysuits,Clothing > Women's Clothing > Bodysuits & Catsuits > Bodysuits,11113
11114,Catsuits,Clothing > Women's Clothing > Bodysuits & Catsuits > Catsuits,11113
504,Costumes,Clothing > Women's Clothing > Costumes,500
505,Dresses,Clothing > Women's Clothing > Dresses,500
506,Hoodies & Sweatshirts,Clothing > Women's Clothing > Hoodies & Sweatshirts,500
1855,Hoodies,Clothing > Women's Clothing > Hoodies & Sweatshirts > Hoodies,506
2198,Sweatshirts,Clothing > Women's Clothing > Hoodies & Sweatshirts > Sweatshirts,506
507,Jackets & Coats,Clothing > Women's Clothing > Jackets & Coats,500
508,Jeans,Clothing > Women's Clothing > Jeans,500
509,Jumpsuits & Rompers,Clothing > Women's Clothing > Jumpsuits & Rompers,500
510,Leggings,Clothing > Women's Clothing > Leggings,500
12183,Lehengas,Clothing > Women's Clothing > Lehengas,500
511,Lingerie,Clothing > Women's Clothing > Lingerie,500
512,Bloomers,Clothing > Women's Clothing > Lingerie > Bloomers,511
514,Bralettes,Clothing > Women's Clothing > Lingerie > Bralettes,511
515,Bras,Clothing > Women's Clothing > Lingerie > Bras,511
513,Cage Bras & Harnesses,Clothing > Women's Clothing > Lingerie > Cage Bras & Harnesses,511
516,Camisoles,Clothing > Women's Clothing > Lingerie > Camisoles,511
517,Corsets,Clothing > Women's Clothing > Lingerie > Corsets,511
519,Lingerie Sets,Clothing > Women's Clothing > Lingerie > Lingerie Sets,511
520,Panties,Clothing > Women's Clothing > Lingerie > Panties,511
521,Pasties & Tassels,Clothing > Women's Clothing > Lingerie > Pasties & Tassels,511
522,Petticoats,Clothing > Women's Clothing > Lingerie > Petticoats,511
523,Shapewear,Clothing > Women's Clothing > Lingerie > Shapewear,511
524,Slips,Clothing > Women's Clothing > Lingerie > Slips,511
525,Teddies & Babydolls,Clothing > Women's Clothing > Lingerie > Teddies & Babydolls,511
526,Overalls,Clothing > Women's Clothing > Overalls,500
527,Pajamas & Robes,Clothing > Women's Clothing > Pajamas & Robes,500
528,Hospital Gowns,Clothing > Women's Clothing > Pajamas & Robes > Hospital Gowns,527
529,Night Gowns & Tops,Clothing > Women's Clothing > Pajamas & Robes > Night Gowns & Tops,527
530,Robes,Clothing > Women's Clothing > Pajamas & Robes > Robes,527
11175,Rompers & One-Piece,Clothing > Women's Clothing > Pajamas & Robes > Rompers & One-Piece,527
531,Sets,Clothing > Women's Clothing > Pajamas & Robes > Sets,527
532,Sleep Masks & Blindfolds,Clothing > Women's Clothing > Pajamas & Robes > Sleep Masks & Blindfolds,527
2101,Blindfolds,Clothing > Women's Clothing > Pajamas & Robes > Sleep Masks & Blindfolds > Blindfolds,532
1834,Sleep Masks,Clothing > Women's Clothing > Pajamas & Robes > Sleep Masks & Blindfolds > Sleep Masks,532
533,Sleep Shorts & Bottoms,Clothing > Women's Clothing > Pajamas & Robes > Sleep Shorts & Bottoms,527
11178,Pants,Clothing > Women's Clothing > Pajamas & Robes > Sleep Shorts & Bottoms > Pants,533
11176,Shorts,Clothing > Women's Clothing > Pajamas & Robes > Sleep Shorts & Bottoms > Shorts,533
534,Pants & Capris,Clothing > Women's Clothing > Pants & Capris,500
1836,Capris,Clothing > Women's Clothing > Pants & Capris > Capris,534
1835,Pants,Clothing > Women's Clothing > Pants & Capris > Pants,534
2835,Ponchos,Clothing > Women's Clothing > Ponchos,500
12169,Sarees,Clothing > Women's Clothing > Sarees,500
535,Shorts & Skorts,Clothing > Women's Clothing > Shorts & Skorts,500
1837,Shorts,Clothing > Women's Clothing > Shorts & Skorts > Shorts,535
1838,Skorts,Clothing > Women's Clothing > Shorts & Skorts > Skorts,535
536,Skirts,Clothing > Women's Clothing > Skirts,500
537,Socks & Hosiery,Clothing > Women's Clothing > Socks & Hosiery,500
538,Athletic Socks,Clothing > Women's Clothing > Socks & Hosiery > Athletic Socks,537
539,Boot Socks & Cuffs,Clothing > Women's Clothing > Socks & Hosiery > Boot Socks & Cuffs,537
11117,Boot Cuffs,Clothing > Women's Clothing > Socks & Hosiery > Boot Socks & Cuffs > Boot Cuffs,539
11116,Boot Socks,Clothing > Women's Clothing > Socks & Hosiery > Boot Socks & Cuffs > Boot Socks,539
540,Casual Socks,Clothing > Women's Clothing > Socks & Hosiery > Casual Socks,537
541,Dress Socks,Clothing > Women's Clothing > Socks & Hosiery > Dress Socks,537
542,Garter Belts,Clothing > Women's Clothing > Socks & Hosiery > Garter Belts,537
543,Garters,Clothing > Women's Clothing > Socks & Hosiery > Garters,537
544,Hosiery,Clothing > Women's Clothing > Socks & Hosiery > Hosiery,537
545,Leg Warmers,Clothing > Women's Clothing > Socks & Hosiery > Leg Warmers,537
546,Tights,Clothing > Women's Clothing > Socks & Hosiery > Tights,537
501,Sports & Fitness,Clothing > Women's Clothing > Sports & Fitness,500
548,Sweaters,Clothing > Women's Clothing > Sweaters,500
549,Cardigans,Clothing > Women's Clothing > Sweaters > Cardigans,548
550,Pullover Sweaters,Clothing > Women's Clothing > Sweaters > Pullover Sweaters,548
551,Sweater Vests,Clothing > Women's Clothing > Sweaters > Sweater Vests,548
552,Swimwear,Clothing > Women's Clothing > Swimwear,500
11118,Bikinis & Sets,Clothing > Women's Clothing > Swimwear > Bikinis & Sets,552
11120,Bottoms,Clothing > Women's Clothing > Swimwear > Bottoms,552
11124,Cover-Ups,Clothing > Women's Clothing > Swimwear > Cover-Ups,552
11121,One-Piece,Clothing > Women's Clothing > Swimwear > One-Piece,552
11122,Rash Guards,Clothing > Women's Clothing > Swimwear > Rash Guards,552
11123,Swim Caps,Clothing > Women's Clothing > Swimwear > Swim Caps,552
11119,Tops,Clothing > Women's Clothing > Swimwear > Tops,552
553,Tops & Tees,Clothing > Women's Clothing > Tops & Tees,500
554,Blouses,Clothing > Women's Clothing > Tops & Tees > Blouses,553
555,Crop & Tube Tops,Clothing > Women's Clothing > Tops & Tees > Crop & Tube Tops,553
1839,Crop Tops,Clothing > Women's Clothing > Tops & Tees > Crop & Tube Tops > Crop Tops,555
1840,Tube Tops,Clothing > Women's Clothing > Tops & Tees > Crop & Tube Tops > Tube Tops,555
556,Halter Tops,Clothing > Women's Clothing > Tops & Tees > Halter Tops,553
12170,Kurtas & Kurtis,Clothing > Women's Clothing > Tops & Tees > Kurtas & Kurtis,553
557,Polos,Clothing > Women's Clothing > Tops & Tees > Polos,553
12226,Saree Blouses & Cholis,Clothing > Women's Clothing > Tops & Tees > Saree Blouses & Cholis,553
2904,Shrugs & Boleros,Clothing > Women's Clothing > Tops & Tees > Shrugs & Boleros,553
559,T-shirts,Clothing > Women's Clothing > Tops & Tees > T-shirts,553
558,Tanks,Clothing > Women's Clothing > Tops & Tees > Tanks,553
560,Tunics,Clothing > Women's Clothing > Tops & Tees > Tunics,553
561,Vests,Clothing > Women's Clothing > Vests,500
562,Craft Supplies & Tools,Craft Supplies & Tools,
9205,"Beads, Gems & Cabochons","Craft Supplies & Tools > Beads, Gems & Cabochons",562
6238,Beads,"Craft Supplies & Tools > Beads, Gems & Cabochons > Beads",9205
6240,Cabochons,"Craft Supplies & Tools > Beads, Gems & Cabochons > Cabochons",9205
6239,Charms & Pendants,"Craft Supplies & Tools > Beads, Gems & Cabochons > Charms & Pendants",9205
6426,Charms,"Craft Supplies & Tools > Beads, Gems & Cabochons > Charms & Pendants > Charms",6239
6427,Pendants,"Craft Supplies & Tools > Beads, Gems & Cabochons > Charms & Pendants > Pendants",6239
6648,Gemstones,"Craft Supplies & Tools > Beads, Gems & Cabochons > Gemstones",9205
9124,Beauty Supplies,Craft Supplies & Tools > Beauty Supplies,562
6222,Fragrances,Craft Supplies & Tools > Beauty Supplies > Fragrances,9124
9125,Oils & Butters,Craft Supplies & Tools > Beauty Supplies > Oils & Butters,9124
6524,Butters,Craft Supplies & Tools > Beauty Supplies > Oils & Butters > Butters,9125
6516,Oils,Craft Supplies & Tools > Beauty Supplies > Oils & Butters > Oils,9125
9127,Soap Supplies,Craft Supplies & Tools > Beauty Supplies > Soap Supplies,9124
9130,Soap Bases,Craft Supplies & Tools > Beauty Supplies > Soap Supplies > Soap Bases,9127
9129,Soap Embeds,Craft Supplies & Tools > Beauty Supplies > Soap Supplies > Soap Embeds,9127
6242,Blanks,Craft Supplies & Tools > Blanks,562
6446,Figurines,Craft Supplies & Tools > Blanks > Figurines,6242
6782,Animal & Natural Shapes,Craft Supplies & Tools > Blanks > Figurines > Animal & Natural Shapes,6446
6784,Manikins & Artist Figures,Craft Supplies & Tools > Blanks > Figurines > Manikins & Artist Figures,6446
6785,Monsters & Fantasy,Craft Supplies & Tools > Blanks > Figurines > Monsters & Fantasy,6446
6783,People Shapes,Craft Supplies & Tools > Blanks > Figurines > People Shapes,6446
6445,Forms & Shapes,Craft Supplies & Tools > Blanks > Forms & Shapes,6242
6762,Hat & Hair Blanks,Craft Supplies & Tools > Blanks > Hat & Hair Blanks,6242
7019,Barrette Blanks,Craft Supplies & Tools > Blanks > Hat & Hair Blanks > Barrette Blanks,6762
9196,Brim & Visor Blanks,Craft Supplies & Tools > Blanks > Hat & Hair Blanks > Brim & Visor Blanks,6762
7021,Comb Blanks,Craft Supplies & Tools > Blanks > Hat & Hair Blanks > Comb Blanks,6762
7020,Hair Clip Blanks,Craft Supplies & Tools > Blanks > Hat & Hair Blanks > Hair Clip Blanks,6762
7023,Hair Pin Blanks,Craft Supplies & Tools > Blanks > Hat & Hair Blanks > Hair Pin Blanks,6762
7024,Hair Stick Blanks,Craft Supplies & Tools > Blanks > Hat & Hair Blanks > Hair Stick Blanks,6762
7025,Hair Tie Blanks,Craft Supplies & Tools > Blanks > Hat & Hair Blanks > Hair Tie Blanks,6762
7069,Hat Bases & Bodies,Craft Supplies & Tools > Blanks > Hat & Hair Blanks > Hat Bases & Bodies,6762
7022,Headband Blanks,Craft Supplies & Tools > Blanks > Hat & Hair Blanks > Headband Blanks,6762
9195,Mask Blanks,Craft Supplies & Tools > Blanks > Hat & Hair Blanks > Mask Blanks,6762
6444,Jewelry,Craft Supplies & Tools > Blanks > Jewelry,6242
9181,Bead Blanks,Craft Supplies & Tools > Blanks > Jewelry > Bead Blanks,6444
6770,Belt Buckle Blanks,Craft Supplies & Tools > Blanks > Jewelry > Belt Buckle Blanks,6444
9188,Blank Key Rings,Craft Supplies & Tools > Blanks > Jewelry > Blank Key Rings,6444
6771,Bolo & Concho Blanks,Craft Supplies & Tools > Blanks > Jewelry > Bolo & Concho Blanks,6444
6765,Bracelets,Craft Supplies & Tools > Blanks > Jewelry > Bracelets,6444
6769,Brooch & Pin,Craft Supplies & Tools > Blanks > Jewelry > Brooch & Pin,6444
7027,Blanks,Craft Supplies & Tools > Blanks > Jewelry > Brooch & Pin > Blanks,6769
7028,Catches,Craft Supplies & Tools > Blanks > Jewelry > Brooch & Pin > Catches,6769
7026,Pin Backs,Craft Supplies & Tools > Blanks > Jewelry > Brooch & Pin > Pin Backs,6769
6763,Cuff Link Blanks,Craft Supplies & Tools > Blanks > Jewelry > Cuff Link Blanks,6444
6764,Earrings,Craft Supplies & Tools > Blanks > Jewelry > Earrings,6444
6767,Pendants,Craft Supplies & Tools > Blanks > Jewelry > Pendants,6444
6766,Rings,Craft Supplies & Tools > Blanks > Jewelry > Rings,6444
6772,Tags & Stamping Blanks,Craft Supplies & Tools > Blanks > Jewelry > Tags & Stamping Blanks,6444
6768,Tie Bars & Tacks,Craft Supplies & Tools > Blanks > Jewelry > Tie Bars & Tacks,6444
6216,Brushes,Craft Supplies & Tools > Brushes,562
6250,Airbrushes,Craft Supplies & Tools > Brushes > Airbrushes,6216
6248,Paint Brushes,Craft Supplies & Tools > Brushes > Paint Brushes,6216
6249,Paint Rollers,Craft Supplies & Tools > Brushes > Paint Rollers,6216
6217,Canvas & Surfaces,Craft Supplies & Tools > Canvas & Surfaces,562
6252,Canvas,Craft Supplies & Tools > Canvas & Surfaces > Canvas,6217
6468,Aida Canvas,Craft Supplies & Tools > Canvas & Surfaces > Canvas > Aida Canvas,6252
6467,Plastic Canvas,Craft Supplies & Tools > Canvas & Surfaces > Canvas > Plastic Canvas,6252
6466,Rug Canvas,Craft Supplies & Tools > Canvas & Surfaces > Canvas > Rug Canvas,6252
6464,Stretched Canvas,Craft Supplies & Tools > Canvas & Surfaces > Canvas > Stretched Canvas,6252
6465,Unstretched Canvas,Craft Supplies & Tools > Canvas & Surfaces > Canvas > Unstretched Canvas,6252
6597,Journals & Albums,Craft Supplies & Tools > Canvas & Surfaces > Journals & Albums,6217
6838,Albums,Craft Supplies & Tools > Canvas & Surfaces > Journals & Albums > Albums,6597
7047,Autograph Books,Craft Supplies & Tools > Canvas & Surfaces > Journals & Albums > Albums > Autograph Books,6838
7046,Baby Books,Craft Supplies & Tools > Canvas & Surfaces > Journals & Albums > Albums > Baby Books,6838
7045,Photo Albums,Craft Supplies & Tools > Canvas & Surfaces > Journals & Albums > Albums > Photo Albums,6838
6840,Binders & Covers,Craft Supplies & Tools > Canvas & Surfaces > Journals & Albums > Binders & Covers,6597
6841,Journaling Spots,Craft Supplies & Tools > Canvas & Surfaces > Journals & Albums > Journaling Spots,6597
6837,Journals,Craft Supplies & Tools > Canvas & Surfaces > Journals & Albums > Journals,6597
6839,Sketchbooks,Craft Supplies & Tools > Canvas & Surfaces > Journals & Albums > Sketchbooks,6597
6364,Linoleum,Craft Supplies & Tools > Canvas & Surfaces > Linoleum,6217
6253,Panels & Art Boards,Craft Supplies & Tools > Canvas & Surfaces > Panels & Art Boards,6217
6338,Paper,Craft Supplies & Tools > Canvas & Surfaces > Paper,6217
6595,Blank Cards,Craft Supplies & Tools > Canvas & Surfaces > Paper > Blank Cards,6338
6587,Bookboard,Craft Supplies & Tools > Canvas & Surfaces > Paper > Bookboard,6338
6578,Card Stock,Craft Supplies & Tools > Canvas & Surfaces > Paper > Card Stock,6338
6592,Collage Sheets,Craft Supplies & Tools > Canvas & Surfaces > Paper > Collage Sheets,6338
6574,Construction Paper,Craft Supplies & Tools > Canvas & Surfaces > Paper > Construction Paper,6338
6586,Decorative Paper,Craft Supplies & Tools > Canvas & Surfaces > Paper > Decorative Paper,6338
6594,Die Cuts,Craft Supplies & Tools > Canvas & Surfaces > Paper > Die Cuts,6338
6576,Drawing Paper,Craft Supplies & Tools > Canvas & Surfaces > Paper > Drawing Paper,6338
6582,Kraft Paper,Craft Supplies & Tools > Canvas & Surfaces > Paper > Kraft Paper,6338
6593,Mixed Paper Sets,Craft Supplies & Tools > Canvas & Surfaces > Paper > Mixed Paper Sets,6338
6577,Origami Paper,Craft Supplies & Tools > Canvas & Surfaces > Paper > Origami Paper,6338
6580,Parchment Paper,Craft Supplies & Tools > Canvas & Surfaces > Paper > Parchment Paper,6338
6589,Photo & Imaging Paper,Craft Supplies & Tools > Canvas & Surfaces > Paper > Photo & Imaging Paper,6338
6590,Poster Board,Craft Supplies & Tools > Canvas & Surfaces > Paper > Poster Board,6338
6591,Premade Pages,Craft Supplies & Tools > Canvas & Surfaces > Paper > Premade Pages,6338
6581,Printer Paper,Craft Supplies & Tools > Canvas & Surfaces > Paper > Printer Paper,6338
6585,Scrapbooking Ephemera,Craft Supplies & Tools > Canvas & Surfaces > Paper > Scrapbooking Ephemera,6338
6588,Text Blocks,Craft Supplies & Tools > Canvas & Surfaces > Paper > Text Blocks,6338
6583,Tracing Paper,Craft Supplies & Tools > Canvas & Surfaces > Paper > Tracing Paper,6338
6584,Transfer Paper,Craft Supplies & Tools > Canvas & Surfaces > Paper > Transfer Paper,6338
6579,Washi & Rice Paper,Craft Supplies & Tools > Canvas & Surfaces > Paper > Washi & Rice Paper,6338
9182,Wax Paper,Craft Supplies & Tools > Canvas & Surfaces > Paper > Wax Paper,6338
6256,Printing Plates,Craft Supplies & Tools > Canvas & Surfaces > Printing Plates,6217
6255,Screens & Mesh,Craft Supplies & Tools > Canvas & Surfaces > Screens & Mesh,6217
6598,"Stencils, Templates & Transfers","Craft Supplies & Tools > Canvas & Surfaces > Stencils, Templates & Transfers",6217
6844,Clip Art & Image Files,"Craft Supplies & Tools > Canvas & Surfaces > Stencils, Templates & Transfers > Clip Art & Image Files",6598
6617,Image Transfers,"Craft Supplies & Tools > Canvas & Surfaces > Stencils, Templates & Transfers > Image Transfers",6598
6842,Stencils,"Craft Supplies & Tools > Canvas & Surfaces > Stencils, Templates & Transfers > Stencils",6598
6843,Templates,"Craft Supplies & Tools > Canvas & Surfaces > Stencils, Templates & Transfers > Templates",6598
9204,Tile,Craft Supplies & Tools > Canvas & Surfaces > Tile,6217
6219,Closures & Fasteners,Craft Supplies & Tools > Closures & Fasteners,562
6278,Belt Loops,Craft Supplies & Tools > Closures & Fasteners > Belt Loops,6219
6277,Brads,Craft Supplies & Tools > Closures & Fasteners > Brads,6219
6269,Buckles,Craft Supplies & Tools > Closures & Fasteners > Buckles,6219
6270,Buttons,Craft Supplies & Tools > Closures & Fasteners > Buttons,6219
6279,Clothespins,Craft Supplies & Tools > Closures & Fasteners > Clothespins,6219
6272,Eyelets & Grommets,Craft Supplies & Tools > Closures & Fasteners > Eyelets & Grommets,6219
6274,Frog Closures,Craft Supplies & Tools > Closures & Fasteners > Frog Closures,6219
6268,Hook & Loop,Craft Supplies & Tools > Closures & Fasteners > Hook & Loop,6219
6273,Hooks & Eyes,Craft Supplies & Tools > Closures & Fasteners > Hooks & Eyes,6219
6275,Locks,Craft Supplies & Tools > Closures & Fasteners > Locks,6219
6469,Purse Locks,Craft Supplies & Tools > Closures & Fasteners > Locks > Purse Locks,6275
12141,Stoppers & Cord Locks,Craft Supplies & Tools > Closures & Fasteners > Locks > Stoppers & Cord Locks,6275
6276,Rivets,Craft Supplies & Tools > Closures & Fasteners > Rivets,6219
6267,Snaps,Craft Supplies & Tools > Closures & Fasteners > Snaps,6219
6271,Zippers,Craft Supplies & Tools > Closures & Fasteners > Zippers,6219
6241,Decorations & Embellishments,Craft Supplies & Tools > Decorations & Embellishments,562
6432,Bells,Craft Supplies & Tools > Decorations & Embellishments > Bells,6241
6442,Bolos & Conchos,Craft Supplies & Tools > Decorations & Embellishments > Bolos & Conchos,6241
6441,Book Headbands,Craft Supplies & Tools > Decorations & Embellishments > Book Headbands,6241
6443,Corners,Craft Supplies & Tools > Decorations & Embellishments > Corners,6241
6434,Doilies,Craft Supplies & Tools > Decorations & Embellishments > Doilies,6241
6435,Eyes,Craft Supplies & Tools > Decorations & Embellishments > Eyes,6241
6430,Feathers,Craft Supplies & Tools > Decorations & Embellishments > Feathers,6241
6436,Filigrees,Craft Supplies & Tools > Decorations & Embellishments > Filigrees,6241
6428,Glitter,Craft Supplies & Tools > Decorations & Embellishments > Glitter,6241
6437,Mirrors,Craft Supplies & Tools > Decorations & Embellishments > Mirrors,6241
6438,Pom Poms,Craft Supplies & Tools > Decorations & Embellishments > Pom Poms,6241
6429,Rhinestones,Craft Supplies & Tools > Decorations & Embellishments > Rhinestones,6241
6439,Sequins,Craft Supplies & Tools > Decorations & Embellishments > Sequins,6241
6440,Shells,Craft Supplies & Tools > Decorations & Embellishments > Shells,6241
6431,Studs,Craft Supplies & Tools > Decorations & Embellishments > Studs,6241
9338,Tassels,Craft Supplies & Tools > Decorations & Embellishments > Tassels,6241
6245,Doll & Model Supplies,Craft Supplies & Tools > Doll & Model Supplies,562
6797,Blank Dolls,Craft Supplies & Tools > Doll & Model Supplies > Blank Dolls,6245
6793,Doll Clothes & Accessories,Craft Supplies & Tools > Doll & Model Supplies > Doll Clothes & Accessories,6245
6792,Doll Parts,Craft Supplies & Tools > Doll & Model Supplies > Doll Parts,6245
6450,Miniatures,Craft Supplies & Tools > Doll & Model Supplies > Miniatures,6245
6795,Music Buttons,Craft Supplies & Tools > Doll & Model Supplies > Music Buttons,6245
6796,Noise Makers,Craft Supplies & Tools > Doll & Model Supplies > Noise Makers,6245
6794,Starter Dollhouses,Craft Supplies & Tools > Doll & Model Supplies > Starter Dollhouses,6245
6246,Fabric & Notions,Craft Supplies & Tools > Fabric & Notions,562
6451,Fabric,Craft Supplies & Tools > Fabric & Notions > Fabric,6246
6453,Lace & Trims,Craft Supplies & Tools > Fabric & Notions > Lace & Trims,6246
6455,Notions,Craft Supplies & Tools > Fabric & Notions > Notions,6246
6803,Bias Tape,Craft Supplies & Tools > Fabric & Notions > Notions > Bias Tape,6455
6801,Bobbins,Craft Supplies & Tools > Fabric & Notions > Notions > Bobbins,6455
6812,Boning,Craft Supplies & Tools > Fabric & Notions > Notions > Boning,6455
6802,Elastic,Craft Supplies & Tools > Fabric & Notions > Notions > Elastic,6455
6811,Fabric Bonding Tape,Craft Supplies & Tools > Fabric & Notions > Notions > Fabric Bonding Tape,6455
9340,Fabric Clips,Craft Supplies & Tools > Fabric & Notions > Notions > Fabric Clips,6455
6800,Floss,Craft Supplies & Tools > Fabric & Notions > Notions > Floss,6455
6798,Pins & Needles,Craft Supplies & Tools > Fabric & Notions > Notions > Pins & Needles,6455
7033,Needles,Craft Supplies & Tools > Fabric & Notions > Notions > Pins & Needles > Needles,6798
9202,Hand Needles,Craft Supplies & Tools > Fabric & Notions > Notions > Pins & Needles > Needles > Hand Needles,7033
7061,Knitting Needles,Craft Supplies & Tools > Fabric & Notions > Notions > Pins & Needles > Needles > Knitting Needles,7033
7059,Punch Needles,Craft Supplies & Tools > Fabric & Notions > Notions > Pins & Needles > Needles > Punch Needles,7033
7058,Yarn Needles,Craft Supplies & Tools > Fabric & Notions > Notions > Pins & Needles > Needles > Yarn Needles,7033
9203,Pin & Needle Accessories,Craft Supplies & Tools > Fabric & Notions > Notions > Pins & Needles > Pin & Needle Accessories,6798
7038,Needle Cases,Craft Supplies & Tools > Fabric & Notions > Notions > Pins & Needles > Pin & Needle Accessories > Needle Cases,9203
7037,Needle Minders,Craft Supplies & Tools > Fabric & Notions > Notions > Pins & Needles > Pin & Needle Accessories > Needle Minders,9203
7032,Needle Threaders,Craft Supplies & Tools > Fabric & Notions > Notions > Pins & Needles > Pin & Needle Accessories > Needle Threaders,9203
7029,Pincushions,Craft Supplies & Tools > Fabric & Notions > Notions > Pins & Needles > Pin & Needle Accessories > Pincushions,9203
6807,Point Protectors,Craft Supplies & Tools > Fabric & Notions > Notions > Pins & Needles > Pin & Needle Accessories > Point Protectors,9203
7034,Thimbles,Craft Supplies & Tools > Fabric & Notions > Notions > Pins & Needles > Pin & Needle Accessories > Thimbles,9203
7035,Pins,Craft Supplies & Tools > Fabric & Notions > Notions > Pins & Needles > Pins,6798
7064,Ball Point Pins,Craft Supplies & Tools > Fabric & Notions > Notions > Pins & Needles > Pins > Ball Point Pins,7035
7066,Eye Pins,Craft Supplies & Tools > Fabric & Notions > Notions > Pins & Needles > Pins > Eye Pins,7035
7067,Head Pins,Craft Supplies & Tools > Fabric & Notions > Notions > Pins & Needles > Pins > Head Pins,7035
7030,Safety Pins,Craft Supplies & Tools > Fabric & Notions > Notions > Pins & Needles > Pins > Safety Pins,7035
6813,Pom Pom Makers,Craft Supplies & Tools > Fabric & Notions > Notions > Pom Pom Makers,6455
6814,Purse Notions,Craft Supplies & Tools > Fabric & Notions > Notions > Purse Notions,6455
7043,Bag Frames,Craft Supplies & Tools > Fabric & Notions > Notions > Purse Notions > Bag Frames,6814
7044,Feet,Craft Supplies & Tools > Fabric & Notions > Notions > Purse Notions > Feet,6814
7042,Handles,Craft Supplies & Tools > Fabric & Notions > Notions > Purse Notions > Handles,6814
7041,Rings,Craft Supplies & Tools > Fabric & Notions > Notions > Purse Notions > Rings,6814
9197,Shoe Parts,Craft Supplies & Tools > Fabric & Notions > Notions > Shoe Parts,6455
6395,Shoe Laces,Craft Supplies & Tools > Fabric & Notions > Notions > Shoe Parts > Shoe Laces,9197
6265,Shoe Lasts,Craft Supplies & Tools > Fabric & Notions > Notions > Shoe Parts > Shoe Lasts,9197
9199,Soles,Craft Supplies & Tools > Fabric & Notions > Notions > Shoe Parts > Soles,9197
6804,Spools,Craft Supplies & Tools > Fabric & Notions > Notions > Spools,6455
6808,Stitch Holders,Craft Supplies & Tools > Fabric & Notions > Notions > Stitch Holders,6455
6809,Stitch Markers,Craft Supplies & Tools > Fabric & Notions > Notions > Stitch Markers,6455
6799,Thread,Craft Supplies & Tools > Fabric & Notions > Notions > Thread,6455
6454,Piping,Craft Supplies & Tools > Fabric & Notions > Piping,6246
6452,Ribbon,Craft Supplies & Tools > Fabric & Notions > Ribbon,6246
6220,Findings,Craft Supplies & Tools > Findings,562
6280,Bails,Craft Supplies & Tools > Findings > Bails,6220
6287,Bead Caps,Craft Supplies & Tools > Findings > Bead Caps,6220
6288,Bead Cones,Craft Supplies & Tools > Findings > Bead Cones,6220
6296,Bead Inserts,Craft Supplies & Tools > Findings > Bead Inserts,6220
9190,Bead Tips,Craft Supplies & Tools > Findings > Bead Tips,6220
6283,Chain Links,Craft Supplies & Tools > Findings > Chain Links,6220
6294,Chains,Craft Supplies & Tools > Findings > Chains,6220
6281,Clasps & Clips,Craft Supplies & Tools > Findings > Clasps & Clips,6220
6284,Connectors,Craft Supplies & Tools > Findings > Connectors,6220
6285,Crimps & Crimp Beads,Craft Supplies & Tools > Findings > Crimps & Crimp Beads,6220
6297,Ear Hoops,Craft Supplies & Tools > Findings > Ear Hoops,6220
6290,Ear Nuts & Backs,Craft Supplies & Tools > Findings > Ear Nuts & Backs,6220
6289,Ear Wires & Hooks,Craft Supplies & Tools > Findings > Ear Wires & Hooks,6220
6291,End Bars,Craft Supplies & Tools > Findings > End Bars,6220
9323,End Caps,Craft Supplies & Tools > Findings > End Caps,6220
6286,Posts,Craft Supplies & Tools > Findings > Posts,6220
6282,Rings,Craft Supplies & Tools > Findings > Rings,6220
6473,D-Rings,Craft Supplies & Tools > Findings > Rings > D-Rings,6282
6470,Jump Rings,Craft Supplies & Tools > Findings > Rings > Jump Rings,6282
6472,Key Rings,Craft Supplies & Tools > Findings > Rings > Key Rings,6282
6292,Separator Bars,Craft Supplies & Tools > Findings > Separator Bars,6220
6293,Settings & Bezel Cups,Craft Supplies & Tools > Findings > Settings & Bezel Cups,6220
6299,Stampings,Craft Supplies & Tools > Findings > Stampings,6220
6298,Threaders,Craft Supplies & Tools > Findings > Threaders,6220
6295,Watch Findings,Craft Supplies & Tools > Findings > Watch Findings,6220
6474,Watch Bands,Craft Supplies & Tools > Findings > Watch Findings > Watch Bands,6295
6478,Watch Crystals,Craft Supplies & Tools > Findings > Watch Findings > Watch Crystals,6295
6476,Watch Faces,Craft Supplies & Tools > Findings > Watch Findings > Watch Faces,6295
9189,Watch Links,Craft Supplies & Tools > Findings > Watch Findings > Watch Links,6295
6477,Watch Movements,Craft Supplies & Tools > Findings > Watch Findings > Watch Movements,6295
6475,Watch Stems,Craft Supplies & Tools > Findings > Watch Findings > Watch Stems,6295
6348,Floral Arranging Supplies,Craft Supplies & Tools > Floral Arranging Supplies,562
6624,Bouquet Holders,Craft Supplies & Tools > Floral Arranging Supplies > Bouquet Holders,6348
6625,Floral Accents,Craft Supplies & Tools > Floral Arranging Supplies > Floral Accents,6348
6864,Animals,Craft Supplies & Tools > Floral Arranging Supplies > Floral Accents > Animals,6625
6866,Architecture & Structures,Craft Supplies & Tools > Floral Arranging Supplies > Floral Accents > Architecture & Structures,6625
6865,Figures,Craft Supplies & Tools > Floral Arranging Supplies > Floral Accents > Figures,6625
6863,Fruits & Vegetables,Craft Supplies & Tools > Floral Arranging Supplies > Floral Accents > Fruits & Vegetables,6625
6618,Floral Foam,Craft Supplies & Tools > Floral Arranging Supplies > Floral Foam,6348
6622,Floral Wire Stems,Craft Supplies & Tools > Floral Arranging Supplies > Floral Wire Stems,6348
6619,Flowers,Craft Supplies & Tools > Floral Arranging Supplies > Flowers,6348
6862,Artificial Flowers,Craft Supplies & Tools > Floral Arranging Supplies > Flowers > Artificial Flowers,6619
6861,Dried Flowers,Craft Supplies & Tools > Floral Arranging Supplies > Flowers > Dried Flowers,6619
6623,Pin Frogs,Craft Supplies & Tools > Floral Arranging Supplies > Pin Frogs,6348
6218,"Frames, Hoops & Stands","Craft Supplies & Tools > Frames, Hoops & Stands",562
6262,Easels,"Craft Supplies & Tools > Frames, Hoops & Stands > Easels",6218
6259,Frame Mats,"Craft Supplies & Tools > Frames, Hoops & Stands > Frame Mats",6218
6257,Frames,"Craft Supplies & Tools > Frames, Hoops & Stands > Frames",6218
9117,Needlecraft Frames,"Craft Supplies & Tools > Frames, Hoops & Stands > Frames > Needlecraft Frames",6257
6254,Stretcher Frames & Bars,"Craft Supplies & Tools > Frames, Hoops & Stands > Frames > Stretcher Frames & Bars",6257
6891,Wreath Frames & Bases,"Craft Supplies & Tools > Frames, Hoops & Stands > Frames > Wreath Frames & Bases",6257
6258,Hoops,"Craft Supplies & Tools > Frames, Hoops & Stands > Hoops",6218
6260,Mounting Boards,"Craft Supplies & Tools > Frames, Hoops & Stands > Mounting Boards",6218
6264,Stands,"Craft Supplies & Tools > Frames, Hoops & Stands > Stands",6218
6263,Tripods,"Craft Supplies & Tools > Frames, Hoops & Stands > Tripods",6218
6223,Glue & Adhesives,Craft Supplies & Tools > Glue & Adhesives,562
6307,Adhesives,Craft Supplies & Tools > Glue & Adhesives > Adhesives,6223
6541,Adhesive Machines,Craft Supplies & Tools > Glue & Adhesives > Adhesives > Adhesive Machines,6307
6542,Adhesive Removers,Craft Supplies & Tools > Glue & Adhesives > Adhesives > Adhesive Removers,6307
6546,Adhesive Sealers & Finishes,Craft Supplies & Tools > Glue & Adhesives > Adhesives > Adhesive Sealers & Finishes,6307
6545,Cellulose Adhesives,Craft Supplies & Tools > Glue & Adhesives > Adhesives > Cellulose Adhesives,6307
6543,Contact Cement,Craft Supplies & Tools > Glue & Adhesives > Adhesives > Contact Cement,6307
6540,Glue,Craft Supplies & Tools > Glue & Adhesives > Adhesives > Glue,6307
6544,Paste,Craft Supplies & Tools > Glue & Adhesives > Adhesives > Paste,6307
6831,Rubber Cement,Craft Supplies & Tools > Glue & Adhesives > Adhesives > Rubber Cement,6307
6419,Sealants,Craft Supplies & Tools > Glue & Adhesives > Adhesives > Sealants,6307
6547,Soldering Flux,Craft Supplies & Tools > Glue & Adhesives > Adhesives > Soldering Flux,6307
6308,Magnets,Craft Supplies & Tools > Glue & Adhesives > Magnets,6223
6310,Mounting Putty & Squares,Craft Supplies & Tools > Glue & Adhesives > Mounting Putty & Squares,6223
6309,Suction Cups,Craft Supplies & Tools > Glue & Adhesives > Suction Cups,6223
6306,Tape,Craft Supplies & Tools > Glue & Adhesives > Tape,6223
6538,Binding Tape,Craft Supplies & Tools > Glue & Adhesives > Tape > Binding Tape,6306
6537,Cellophane Tape,Craft Supplies & Tools > Glue & Adhesives > Tape > Cellophane Tape,6306
6535,Duct Tape,Craft Supplies & Tools > Glue & Adhesives > Tape > Duct Tape,6306
6536,Masking Tape,Craft Supplies & Tools > Glue & Adhesives > Tape > Masking Tape,6306
6539,Mounting Tape,Craft Supplies & Tools > Glue & Adhesives > Tape > Mounting Tape,6306
6534,Packing Tape,Craft Supplies & Tools > Glue & Adhesives > Tape > Packing Tape,6306
6311,Tape Dispensers,Craft Supplies & Tools > Glue & Adhesives > Tape Dispensers,6223
9139,Imaging & Lighting,Craft Supplies & Tools > Imaging & Lighting,562
6226,Lighting,Craft Supplies & Tools > Imaging & Lighting > Lighting,9139
6333,Flashlights,Craft Supplies & Tools > Imaging & Lighting > Lighting > Flashlights,6226
6334,Lightboxes & Tables,Craft Supplies & Tools > Imaging & Lighting > Lighting > Lightboxes & Tables,6226
6331,Studio Lighting,Craft Supplies & Tools > Imaging & Lighting > Lighting > Studio Lighting,6226
6330,Magnifiers,Craft Supplies & Tools > Imaging & Lighting > Magnifiers,9139
6566,Loupes,Craft Supplies & Tools > Imaging & Lighting > Magnifiers > Loupes,6330
6567,Magnifying Glasses,Craft Supplies & Tools > Imaging & Lighting > Magnifiers > Magnifying Glasses,6330
6221,Kitchen Supplies,Craft Supplies & Tools > Kitchen Supplies,562
6303,Baking & Cake Decorations,Craft Supplies & Tools > Kitchen Supplies > Baking & Cake Decorations,6221
6514,Baking Sticks,Craft Supplies & Tools > Kitchen Supplies > Baking & Cake Decorations > Baking Sticks,6303
9121,Cake Toppers & Picks,Craft Supplies & Tools > Kitchen Supplies > Baking & Cake Decorations > Cake Toppers & Picks,6303
9122,Cake Toppers,Craft Supplies & Tools > Kitchen Supplies > Baking & Cake Decorations > Cake Toppers & Picks > Cake Toppers,9121
9123,Picks,Craft Supplies & Tools > Kitchen Supplies > Baking & Cake Decorations > Cake Toppers & Picks > Picks,9121
6510,Icing & Frosting,Craft Supplies & Tools > Kitchen Supplies > Baking & Cake Decorations > Icing & Frosting,6303
6512,Liners & Cups,Craft Supplies & Tools > Kitchen Supplies > Baking & Cake Decorations > Liners & Cups,6303
6511,"Piping Pens, Bags & Nozzles","Craft Supplies & Tools > Kitchen Supplies > Baking & Cake Decorations > Piping Pens, Bags & Nozzles",6303
6826,Frosting Tips,"Craft Supplies & Tools > Kitchen Supplies > Baking & Cake Decorations > Piping Pens, Bags & Nozzles > Frosting Tips",6511
6825,Pastry Bags,"Craft Supplies & Tools > Kitchen Supplies > Baking & Cake Decorations > Piping Pens, Bags & Nozzles > Pastry Bags",6511
6509,"Sprinkles, Dust & Flakes","Craft Supplies & Tools > Kitchen Supplies > Baking & Cake Decorations > Sprinkles, Dust & Flakes",6303
6305,Fermentation & Brewing Supplies,Craft Supplies & Tools > Kitchen Supplies > Fermentation & Brewing Supplies,6221
6525,Bottle Cappers,Craft Supplies & Tools > Kitchen Supplies > Fermentation & Brewing Supplies > Bottle Cappers,6305
6530,Cheese & Yogurt Makers,Craft Supplies & Tools > Kitchen Supplies > Fermentation & Brewing Supplies > Cheese & Yogurt Makers,6305
6526,Fermenters,Craft Supplies & Tools > Kitchen Supplies > Fermentation & Brewing Supplies > Fermenters,6305
6224,Knives & Cutting Tools,Craft Supplies & Tools > Knives & Cutting Tools,562
6321,Axes,Craft Supplies & Tools > Knives & Cutting Tools > Axes,6224
6314,Blades,Craft Supplies & Tools > Knives & Cutting Tools > Blades,6224
6318,Cutters & Trimmers,Craft Supplies & Tools > Knives & Cutting Tools > Cutters & Trimmers,6224
6559,Cutters,Craft Supplies & Tools > Knives & Cutting Tools > Cutters & Trimmers > Cutters,6318
6835,Clay Cutters,Craft Supplies & Tools > Knives & Cutting Tools > Cutters & Trimmers > Cutters > Clay Cutters,6559
6834,Glass Cutting Tools,Craft Supplies & Tools > Knives & Cutting Tools > Cutters & Trimmers > Cutters > Glass Cutting Tools,6559
6836,Paper Cutters,Craft Supplies & Tools > Knives & Cutting Tools > Cutters & Trimmers > Cutters > Paper Cutters,6559
6833,Rotary Cutters,Craft Supplies & Tools > Knives & Cutting Tools > Cutters & Trimmers > Cutters > Rotary Cutters,6559
6832,Wire Cutters,Craft Supplies & Tools > Knives & Cutting Tools > Cutters & Trimmers > Cutters > Wire Cutters,6559
6558,Pruners,Craft Supplies & Tools > Knives & Cutting Tools > Cutters & Trimmers > Pruners,6318
6316,Cutting Mats,Craft Supplies & Tools > Knives & Cutting Tools > Cutting Mats,6224
6325,Edgers,Craft Supplies & Tools > Knives & Cutting Tools > Edgers,6224
6324,Engravers & Engraving Machines,Craft Supplies & Tools > Knives & Cutting Tools > Engravers & Engraving Machines,6224
6313,Knives,Craft Supplies & Tools > Knives & Cutting Tools > Knives,6224
6551,Craft Knives,Craft Supplies & Tools > Knives & Cutting Tools > Knives > Craft Knives,6313
6554,Palette Knives,Craft Supplies & Tools > Knives & Cutting Tools > Knives > Palette Knives,6313
6549,Swivel Knives,Craft Supplies & Tools > Knives & Cutting Tools > Knives > Swivel Knives,6313
6553,Utility Knives,Craft Supplies & Tools > Knives & Cutting Tools > Knives > Utility Knives,6313
6550,Whittling Knives,Craft Supplies & Tools > Knives & Cutting Tools > Knives > Whittling Knives,6313
6320,Punches,Craft Supplies & Tools > Knives & Cutting Tools > Punches,6224
6702,Routers,Craft Supplies & Tools > Knives & Cutting Tools > Routers,6224
6319,Saws,Craft Supplies & Tools > Knives & Cutting Tools > Saws,6224
6312,Scissors & Shears,Craft Supplies & Tools > Knives & Cutting Tools > Scissors & Shears,6224
12607,Embroidery Scissors & Thread Snips,Craft Supplies & Tools > Knives & Cutting Tools > Scissors & Shears > Embroidery Scissors & Thread Snips,6312
6548,Pinking Shears,Craft Supplies & Tools > Knives & Cutting Tools > Scissors & Shears > Pinking Shears,6312
6315,Seam Rippers,Craft Supplies & Tools > Knives & Cutting Tools > Seam Rippers,6224
6317,Sharpening Tools,Craft Supplies & Tools > Knives & Cutting Tools > Sharpening Tools,6224
6227,Molds,Craft Supplies & Tools > Molds,562
6237,"Paints, Inks & Dyes","Craft Supplies & Tools > Paints, Inks & Dyes",562
6424,Dyes,"Craft Supplies & Tools > Paints, Inks & Dyes > Dyes",6237
6425,Embossing Powder,"Craft Supplies & Tools > Paints, Inks & Dyes > Embossing Powder",6237
6422,Enamel Powder,"Craft Supplies & Tools > Paints, Inks & Dyes > Enamel Powder",6237
6417,Glazes,"Craft Supplies & Tools > Paints, Inks & Dyes > Glazes",6237
9191,Inks,"Craft Supplies & Tools > Paints, Inks & Dyes > Inks",6237
6414,Ink,"Craft Supplies & Tools > Paints, Inks & Dyes > Inks > Ink",9191
6366,Ink Pads,"Craft Supplies & Tools > Paints, Inks & Dyes > Inks > Ink Pads",9191
6415,Inkwells,"Craft Supplies & Tools > Paints, Inks & Dyes > Inks > Inkwells",9191
6517,Inlay Powders & Pieces,"Craft Supplies & Tools > Paints, Inks & Dyes > Inlay Powders & Pieces",6237
6641,Lubricants,"Craft Supplies & Tools > Paints, Inks & Dyes > Lubricants",6237
6416,Paint,"Craft Supplies & Tools > Paints, Inks & Dyes > Paint",6237
6759,Airbrush Paint,"Craft Supplies & Tools > Paints, Inks & Dyes > Paint > Airbrush Paint",6416
6756,Art Paint,"Craft Supplies & Tools > Paints, Inks & Dyes > Paint > Art Paint",6416
6760,Chalk Paint,"Craft Supplies & Tools > Paints, Inks & Dyes > Paint > Chalk Paint",6416
6757,Fabric Paint,"Craft Supplies & Tools > Paints, Inks & Dyes > Paint > Fabric Paint",6416
6421,Paint Pens,"Craft Supplies & Tools > Paints, Inks & Dyes > Paint > Paint Pens",6416
6758,Spray Paint,"Craft Supplies & Tools > Paints, Inks & Dyes > Paint > Spray Paint",6416
9337,Wall Paint,"Craft Supplies & Tools > Paints, Inks & Dyes > Paint > Wall Paint",6416
6423,Palettes,"Craft Supplies & Tools > Paints, Inks & Dyes > Palettes",6237
6420,Pigments,"Craft Supplies & Tools > Paints, Inks & Dyes > Pigments",6237
6418,Primers,"Craft Supplies & Tools > Paints, Inks & Dyes > Primers",6237
6639,Solvents,"Craft Supplies & Tools > Paints, Inks & Dyes > Solvents",6237
6638,Stains,"Craft Supplies & Tools > Paints, Inks & Dyes > Stains",6237
6640,Thinners,"Craft Supplies & Tools > Paints, Inks & Dyes > Thinners",6237
6642,Varnishes,"Craft Supplies & Tools > Paints, Inks & Dyes > Varnishes",6237
6229,Patterns & How To,Craft Supplies & Tools > Patterns & How To,562
6345,Books & Magazines,Craft Supplies & Tools > Patterns & How To > Books & Magazines,6229
12379,Craft Machine Files,Craft Supplies & Tools > Patterns & How To > Craft Machine Files,6229
12380,3D Printer Files,Craft Supplies & Tools > Patterns & How To > Craft Machine Files > 3D Printer Files,12379
12394,Cutting Machine Files,Craft Supplies & Tools > Patterns & How To > Craft Machine Files > Cutting Machine Files,12379
12382,Embroidery Machine Files,Craft Supplies & Tools > Patterns & How To > Craft Machine Files > Embroidery Machine Files,12379
12383,Knitting Machine Files,Craft Supplies & Tools > Patterns & How To > Craft Machine Files > Knitting Machine Files,12379
2909,Critiques & Shop Tutorials,Craft Supplies & Tools > Patterns & How To > Critiques & Shop Tutorials,6229
6346,Kits,Craft Supplies & Tools > Patterns & How To > Kits,6229
6343,Patterns & Blueprints,Craft Supplies & Tools > Patterns & How To > Patterns & Blueprints,6229
6347,Recipes,Craft Supplies & Tools > Patterns & How To > Recipes,6229
6344,Tutorials,Craft Supplies & Tools > Patterns & How To > Tutorials,6229
6236,"Pens, Pencils & Marking Tools","Craft Supplies & Tools > Pens, Pencils & Marking Tools",562
6407,Chalk,"Craft Supplies & Tools > Pens, Pencils & Marking Tools > Chalk",6236
6409,Charcoals,"Craft Supplies & Tools > Pens, Pencils & Marking Tools > Charcoals",6236
6413,Correction Fluid & Tape,"Craft Supplies & Tools > Pens, Pencils & Marking Tools > Correction Fluid & Tape",6236
6408,Crayons,"Craft Supplies & Tools > Pens, Pencils & Marking Tools > Crayons",6236
6410,Erasers,"Craft Supplies & Tools > Pens, Pencils & Marking Tools > Erasers",6236
6405,Lead Refills,"Craft Supplies & Tools > Pens, Pencils & Marking Tools > Lead Refills",6236
6406,Markers,"Craft Supplies & Tools > Pens, Pencils & Marking Tools > Markers",6236
6402,Nibs & Nib Holders,"Craft Supplies & Tools > Pens, Pencils & Marking Tools > Nibs & Nib Holders",6236
6412,Pastels,"Craft Supplies & Tools > Pens, Pencils & Marking Tools > Pastels",6236
6403,Pen Refills,"Craft Supplies & Tools > Pens, Pencils & Marking Tools > Pen Refills",6236
6411,Pencil Sharpeners,"Craft Supplies & Tools > Pens, Pencils & Marking Tools > Pencil Sharpeners",6236
6404,Pencils,"Craft Supplies & Tools > Pens, Pencils & Marking Tools > Pencils",6236
6753,Chalk Pencils,"Craft Supplies & Tools > Pens, Pencils & Marking Tools > Pencils > Chalk Pencils",6404
6751,Colored Pencils,"Craft Supplies & Tools > Pens, Pencils & Marking Tools > Pencils > Colored Pencils",6404
6752,Graphite Pencils,"Craft Supplies & Tools > Pens, Pencils & Marking Tools > Pencils > Graphite Pencils",6404
6401,Pens,"Craft Supplies & Tools > Pens, Pencils & Marking Tools > Pens",6236
6745,Ballpoint Pens,"Craft Supplies & Tools > Pens, Pencils & Marking Tools > Pens > Ballpoint Pens",6401
9336,Brush Pens,"Craft Supplies & Tools > Pens, Pencils & Marking Tools > Pens > Brush Pens",6401
6750,Dip Pens,"Craft Supplies & Tools > Pens, Pencils & Marking Tools > Pens > Dip Pens",6401
6747,Felt Tip Pens,"Craft Supplies & Tools > Pens, Pencils & Marking Tools > Pens > Felt Tip Pens",6401
6746,Fountain Pens,"Craft Supplies & Tools > Pens, Pencils & Marking Tools > Pens > Fountain Pens",6401
6748,Gel Pens,"Craft Supplies & Tools > Pens, Pencils & Marking Tools > Pens > Gel Pens",6401
6749,Rollerball Pens,"Craft Supplies & Tools > Pens, Pencils & Marking Tools > Pens > Rollerball Pens",6401
6987,Printing Blocks & Type,"Craft Supplies & Tools > Pens, Pencils & Marking Tools > Printing Blocks & Type",6236
6231,Raw Materials,Craft Supplies & Tools > Raw Materials,562
9186,Clay & Ceramic,Craft Supplies & Tools > Raw Materials > Clay & Ceramic,6231
9119,Ceramic,Craft Supplies & Tools > Raw Materials > Clay & Ceramic > Ceramic,9186
6350,Clay,Craft Supplies & Tools > Raw Materials > Clay & Ceramic > Clay,9186
6363,Concrete & Cement,Craft Supplies & Tools > Raw Materials > Concrete & Cement,6231
6662,Grout,Craft Supplies & Tools > Raw Materials > Concrete & Cement > Grout,6363
6663,Plaster,Craft Supplies & Tools > Raw Materials > Concrete & Cement > Plaster,6363
6362,Cork,Craft Supplies & Tools > Raw Materials > Cork,6231
6647,Epoxy,Craft Supplies & Tools > Raw Materials > Epoxy,6231
6352,Glass,Craft Supplies & Tools > Raw Materials > Glass,6231
6353,Leather,Craft Supplies & Tools > Raw Materials > Leather,6231
6355,Metal,Craft Supplies & Tools > Raw Materials > Metal,6231
6646,Foil,Craft Supplies & Tools > Raw Materials > Metal > Foil,6355
6645,Solder,Craft Supplies & Tools > Raw Materials > Metal > Solder,6355
6356,Plastic,Craft Supplies & Tools > Raw Materials > Plastic,6231
6357,Resin,Craft Supplies & Tools > Raw Materials > Resin,6231
6358,Silicone & Rubber,Craft Supplies & Tools > Raw Materials > Silicone & Rubber,6231
6359,Stones & Rocks,Craft Supplies & Tools > Raw Materials > Stones & Rocks,6231
6650,Fossils & Specimens,Craft Supplies & Tools > Raw Materials > Stones & Rocks > Fossils & Specimens,6359
6652,Gravel,Craft Supplies & Tools > Raw Materials > Stones & Rocks > Gravel,6359
6649,Minerals,Craft Supplies & Tools > Raw Materials > Stones & Rocks > Minerals,6359
6653,Sand,Craft Supplies & Tools > Raw Materials > Stones & Rocks > Sand,6359
6651,Stones & Pebbles,Craft Supplies & Tools > Raw Materials > Stones & Rocks > Stones & Pebbles,6359
6360,Wax,Craft Supplies & Tools > Raw Materials > Wax,6231
6361,Wood,Craft Supplies & Tools > Raw Materials > Wood,6231
6658,Bark,Craft Supplies & Tools > Raw Materials > Wood > Bark,6361
6655,Boards & Planks,Craft Supplies & Tools > Raw Materials > Wood > Boards & Planks,6361
9325,Dowels,Craft Supplies & Tools > Raw Materials > Wood > Dowels,6361
6660,Driftwood & Branches,Craft Supplies & Tools > Raw Materials > Wood > Driftwood & Branches,6361
6656,Lattice,Craft Supplies & Tools > Raw Materials > Wood > Lattice,6361
6657,Logs,Craft Supplies & Tools > Raw Materials > Wood > Logs,6361
6654,Plywood & Panels,Craft Supplies & Tools > Raw Materials > Wood > Plywood & Panels,6361
6661,Popsicle Sticks,Craft Supplies & Tools > Raw Materials > Wood > Popsicle Sticks,6361
6659,Tree Slices,Craft Supplies & Tools > Raw Materials > Wood > Tree Slices,6361
6447,Safety Supplies,Craft Supplies & Tools > Safety Supplies,562
6788,Face Shields,Craft Supplies & Tools > Safety Supplies > Face Shields,6447
6789,Protective Clothing,Craft Supplies & Tools > Safety Supplies > Protective Clothing,6447
6786,Safety Gloves,Craft Supplies & Tools > Safety Supplies > Safety Gloves,6447
6232,Stamps & Seals,Craft Supplies & Tools > Stamps & Seals,562
6367,Seals,Craft Supplies & Tools > Stamps & Seals > Seals,6232
6666,Embossers,Craft Supplies & Tools > Stamps & Seals > Seals > Embossers,6367
6664,Sealing Stamps,Craft Supplies & Tools > Stamps & Seals > Seals > Sealing Stamps,6367
6665,Wax Seals,Craft Supplies & Tools > Stamps & Seals > Seals > Wax Seals,6367
6368,Stamp Blocks,Craft Supplies & Tools > Stamps & Seals > Stamp Blocks,6232
6369,Stamp Holders,Craft Supplies & Tools > Stamps & Seals > Stamp Holders,6232
6365,Stamps,Craft Supplies & Tools > Stamps & Seals > Stamps,6232
6233,Storage & Organization,Craft Supplies & Tools > Storage & Organization,562
6381,Caddies & Holders,Craft Supplies & Tools > Storage & Organization > Caddies & Holders,6233
6372,Containers,Craft Supplies & Tools > Storage & Organization > Containers,6233
6370,"Bottles, Cans & Jars","Craft Supplies & Tools > Storage & Organization > Containers > Bottles, Cans & Jars",6372
6668,Bottles,"Craft Supplies & Tools > Storage & Organization > Containers > Bottles, Cans & Jars > Bottles",6370
6669,Cans & Canisters,"Craft Supplies & Tools > Storage & Organization > Containers > Bottles, Cans & Jars > Cans & Canisters",6370
6898,Canisters,"Craft Supplies & Tools > Storage & Organization > Containers > Bottles, Cans & Jars > Cans & Canisters > Canisters",6669
6897,Cans,"Craft Supplies & Tools > Storage & Organization > Containers > Bottles, Cans & Jars > Cans & Canisters > Cans",6669
6667,Jars,"Craft Supplies & Tools > Storage & Organization > Containers > Bottles, Cans & Jars > Jars",6370
6670,"Lids, Rings & Caps","Craft Supplies & Tools > Storage & Organization > Containers > Bottles, Cans & Jars > Lids, Rings & Caps",6370
6899,Bottle Caps,"Craft Supplies & Tools > Storage & Organization > Containers > Bottles, Cans & Jars > Lids, Rings & Caps > Bottle Caps",6670
6902,Corks,"Craft Supplies & Tools > Storage & Organization > Containers > Bottles, Cans & Jars > Lids, Rings & Caps > Corks",6670
6901,Jar Rings,"Craft Supplies & Tools > Storage & Organization > Containers > Bottles, Cans & Jars > Lids, Rings & Caps > Jar Rings",6670
6900,Lids,"Craft Supplies & Tools > Storage & Organization > Containers > Bottles, Cans & Jars > Lids, Rings & Caps > Lids",6670
6371,"Boxes, Baskets & Bins","Craft Supplies & Tools > Storage & Organization > Containers > Boxes, Baskets & Bins",6372
6673,Baskets,"Craft Supplies & Tools > Storage & Organization > Containers > Boxes, Baskets & Bins > Baskets",6371
6672,Bins,"Craft Supplies & Tools > Storage & Organization > Containers > Boxes, Baskets & Bins > Bins",6371
6671,Boxes,"Craft Supplies & Tools > Storage & Organization > Containers > Boxes, Baskets & Bins > Boxes",6371
6904,Hat Boxes,"Craft Supplies & Tools > Storage & Organization > Containers > Boxes, Baskets & Bins > Boxes > Hat Boxes",6671
6903,Tool Boxes,"Craft Supplies & Tools > Storage & Organization > Containers > Boxes, Baskets & Bins > Boxes > Tool Boxes",6671
6375,Cases,Craft Supplies & Tools > Storage & Organization > Containers > Cases,6372
6373,Sacks & Totes,Craft Supplies & Tools > Storage & Organization > Containers > Sacks & Totes,6372
6376,Tubes,Craft Supplies & Tools > Storage & Organization > Containers > Tubes,6372
6380,Yarn Bowls,Craft Supplies & Tools > Storage & Organization > Containers > Yarn Bowls,6372
6675,Display Cases & Cabinets,Craft Supplies & Tools > Storage & Organization > Display Cases & Cabinets,6233
6677,Dress Forms & Mannequins,Craft Supplies & Tools > Storage & Organization > Dress Forms & Mannequins,6233
9326,Dress Forms,Craft Supplies & Tools > Storage & Organization > Dress Forms & Mannequins > Dress Forms,6677
9327,Mannequins,Craft Supplies & Tools > Storage & Organization > Dress Forms & Mannequins > Mannequins,6677
6676,Hat Forms & Stands,Craft Supplies & Tools > Storage & Organization > Hat Forms & Stands,6233
6674,Jewelry Displays,Craft Supplies & Tools > Storage & Organization > Jewelry Displays,6233
6905,Jewelry Cards,Craft Supplies & Tools > Storage & Organization > Jewelry Displays > Jewelry Cards,6674
12621,Jewelry Display Stands,Craft Supplies & Tools > Storage & Organization > Jewelry Displays > Jewelry Display Stands,6674
6382,Portfolios,Craft Supplies & Tools > Storage & Organization > Portfolios,6233
6374,Racks & Shelves,Craft Supplies & Tools > Storage & Organization > Racks & Shelves,6233
6377,Trays & Boards,Craft Supplies & Tools > Storage & Organization > Trays & Boards,6233
9192,Workbench Storage,Craft Supplies & Tools > Storage & Organization > Workbench Storage,6233
6385,Workbenches,Craft Supplies & Tools > Storage & Organization > Workbenches,6233
6234,"String, Cord & Wire","Craft Supplies & Tools > String, Cord & Wire",562
6389,Cord,"Craft Supplies & Tools > String, Cord & Wire > Cord",6234
9328,Fishing Line,"Craft Supplies & Tools > String, Cord & Wire > Fishing Line",6234
6394,Leather Lacing,"Craft Supplies & Tools > String, Cord & Wire > Leather Lacing",6234
6386,Rope,"Craft Supplies & Tools > String, Cord & Wire > Rope",6234
6392,Stems & Pipe Cleaners,"Craft Supplies & Tools > String, Cord & Wire > Stems & Pipe Cleaners",6234
6388,String,"Craft Supplies & Tools > String, Cord & Wire > String",6234
6387,Twine,"Craft Supplies & Tools > String, Cord & Wire > Twine",6234
6393,Wicks,"Craft Supplies & Tools > String, Cord & Wire > Wicks",6234
6391,Wire,"Craft Supplies & Tools > String, Cord & Wire > Wire",6234
6235,Tools & Equipment,Craft Supplies & Tools > Tools & Equipment,562
6398,Equipment & Machines,Craft Supplies & Tools > Tools & Equipment > Equipment & Machines,6235
6720,Button Makers,Craft Supplies & Tools > Tools & Equipment > Equipment & Machines > Button Makers,6398
6728,Crucibles,Craft Supplies & Tools > Tools & Equipment > Equipment & Machines > Crucibles,6398
6718,Die Cut Machines,Craft Supplies & Tools > Tools & Equipment > Equipment & Machines > Die Cut Machines,6398
6726,Grinders,Craft Supplies & Tools > Tools & Equipment > Equipment & Machines > Grinders,6398
6719,Kilns,Craft Supplies & Tools > Tools & Equipment > Equipment & Machines > Kilns,6398
6725,Lathes,Craft Supplies & Tools > Tools & Equipment > Equipment & Machines > Lathes,6398
6715,Looms,Craft Supplies & Tools > Tools & Equipment > Equipment & Machines > Looms,6398
6985,Bead Looms,Craft Supplies & Tools > Tools & Equipment > Equipment & Machines > Looms > Bead Looms,6715
6981,Heddles,Craft Supplies & Tools > Tools & Equipment > Equipment & Machines > Looms > Heddles,6715
6983,Knitting Looms,Craft Supplies & Tools > Tools & Equipment > Equipment & Machines > Looms > Knitting Looms,6715
6982,Shuttles,Craft Supplies & Tools > Tools & Equipment > Equipment & Machines > Looms > Shuttles,6715
6986,Warping Tools,Craft Supplies & Tools > Tools & Equipment > Equipment & Machines > Looms > Warping Tools,6715
6984,Weaving Cards,Craft Supplies & Tools > Tools & Equipment > Equipment & Machines > Looms > Weaving Cards,6715
6721,Pottery Wheels,Craft Supplies & Tools > Tools & Equipment > Equipment & Machines > Pottery Wheels,6398
6716,Presses,Craft Supplies & Tools > Tools & Equipment > Equipment & Machines > Presses,6398
6717,Sewing & Needlework Machines,Craft Supplies & Tools > Tools & Equipment > Equipment & Machines > Sewing & Needlework Machines,6398
6988,Embroidery Machines,Craft Supplies & Tools > Tools & Equipment > Equipment & Machines > Sewing & Needlework Machines > Embroidery Machines,6717
6990,Knitting Machines,Craft Supplies & Tools > Tools & Equipment > Equipment & Machines > Sewing & Needlework Machines > Knitting Machines,6717
6989,Sewing Machines,Craft Supplies & Tools > Tools & Equipment > Equipment & Machines > Sewing & Needlework Machines > Sewing Machines,6717
6723,Spinning Wheels,Craft Supplies & Tools > Tools & Equipment > Equipment & Machines > Spinning Wheels,6398
6729,Tumblers,Craft Supplies & Tools > Tools & Equipment > Equipment & Machines > Tumblers,6398
6724,Wax Melters,Craft Supplies & Tools > Tools & Equipment > Equipment & Machines > Wax Melters,6398
9193,Welding Machines,Craft Supplies & Tools > Tools & Equipment > Equipment & Machines > Welding Machines,6398
6730,Tool Parts & Accessories,Craft Supplies & Tools > Tools & Equipment > Tool Parts & Accessories,6235
6994,Burs,Craft Supplies & Tools > Tools & Equipment > Tool Parts & Accessories > Burs,6730
9187,Dies,Craft Supplies & Tools > Tools & Equipment > Tool Parts & Accessories > Dies,6730
6992,Drill Bits,Craft Supplies & Tools > Tools & Equipment > Tool Parts & Accessories > Drill Bits,6730
9185,Sewing Machine Parts,Craft Supplies & Tools > Tools & Equipment > Tool Parts & Accessories > Sewing Machine Parts,6730
6397,Tool Sets,Craft Supplies & Tools > Tools & Equipment > Tool Sets,6235
6396,Tools,Craft Supplies & Tools > Tools & Equipment > Tools,6235
6682,"Chisels, Picks & Awls","Craft Supplies & Tools > Tools & Equipment > Tools > Chisels, Picks & Awls",6396
6906,Awls,"Craft Supplies & Tools > Tools & Equipment > Tools > Chisels, Picks & Awls > Awls",6682
6907,Chisels,"Craft Supplies & Tools > Tools & Equipment > Tools > Chisels, Picks & Awls > Chisels",6682
6955,Creasers,"Craft Supplies & Tools > Tools & Equipment > Tools > Chisels, Picks & Awls > Creasers",6682
6700,Edge Bevelers,"Craft Supplies & Tools > Tools & Equipment > Tools > Chisels, Picks & Awls > Edge Bevelers",6682
6908,Picks,"Craft Supplies & Tools > Tools & Equipment > Tools > Chisels, Picks & Awls > Picks",6682
6698,Pricking Irons,"Craft Supplies & Tools > Tools & Equipment > Tools > Chisels, Picks & Awls > Pricking Irons",6682
6909,Scrapers,"Craft Supplies & Tools > Tools & Equipment > Tools > Chisels, Picks & Awls > Scrapers",6682
6697,Fastening & Attaching,Craft Supplies & Tools > Tools & Equipment > Tools > Fastening & Attaching,6396
6954,Bead Rollers,Craft Supplies & Tools > Tools & Equipment > Tools > Fastening & Attaching > Bead Rollers,6697
6683,Clamps & Vises,Craft Supplies & Tools > Tools & Equipment > Tools > Fastening & Attaching > Clamps & Vises,6697
6911,Clamps,Craft Supplies & Tools > Tools & Equipment > Tools > Fastening & Attaching > Clamps & Vises > Clamps,6683
6913,Jigs,Craft Supplies & Tools > Tools & Equipment > Tools > Fastening & Attaching > Clamps & Vises > Jigs,6683
6914,Mandrels,Craft Supplies & Tools > Tools & Equipment > Tools > Fastening & Attaching > Clamps & Vises > Mandrels,6683
6912,Vises,Craft Supplies & Tools > Tools & Equipment > Tools > Fastening & Attaching > Clamps & Vises > Vises,6683
6963,Drills,Craft Supplies & Tools > Tools & Equipment > Tools > Fastening & Attaching > Drills,6697
9116,Glue Guns,Craft Supplies & Tools > Tools & Equipment > Tools > Fastening & Attaching > Glue Guns,6697
6684,Hammers,Craft Supplies & Tools > Tools & Equipment > Tools > Fastening & Attaching > Hammers,6697
6685,Mallets,Craft Supplies & Tools > Tools & Equipment > Tools > Fastening & Attaching > Mallets,6697
9333,Rivet Setters,Craft Supplies & Tools > Tools & Equipment > Tools > Fastening & Attaching > Rivet Setters,6697
6690,Screwdrivers,Craft Supplies & Tools > Tools & Equipment > Tools > Fastening & Attaching > Screwdrivers,6697
6964,Soldering Guns & Irons,Craft Supplies & Tools > Tools & Equipment > Tools > Fastening & Attaching > Soldering Guns & Irons,6697
6967,Staplers,Craft Supplies & Tools > Tools & Equipment > Tools > Fastening & Attaching > Staplers,6697
6692,Filing & Sanding,Craft Supplies & Tools > Tools & Equipment > Tools > Filing & Sanding,6396
6940,Files,Craft Supplies & Tools > Tools & Equipment > Tools > Filing & Sanding > Files,6692
6688,Planers & Jointers,Craft Supplies & Tools > Tools & Equipment > Tools > Filing & Sanding > Planers & Jointers,6692
6943,Polishers,Craft Supplies & Tools > Tools & Equipment > Tools > Filing & Sanding > Polishers,6692
6941,Sanders,Craft Supplies & Tools > Tools & Equipment > Tools > Filing & Sanding > Sanders,6692
6942,Sandpaper,Craft Supplies & Tools > Tools & Equipment > Tools > Filing & Sanding > Sandpaper,6692
6711,Hooking,Craft Supplies & Tools > Tools & Equipment > Tools > Hooking,6396
6975,Carving Hooks,Craft Supplies & Tools > Tools & Equipment > Tools > Hooking > Carving Hooks,6711
6976,Crochet Hooks,Craft Supplies & Tools > Tools & Equipment > Tools > Hooking > Crochet Hooks,6711
6974,Latch Hooks,Craft Supplies & Tools > Tools & Equipment > Tools > Hooking > Latch Hooks,6711
6687,Levels & Measuring,Craft Supplies & Tools > Tools & Equipment > Tools > Levels & Measuring,6396
6919,Calipers,Craft Supplies & Tools > Tools & Equipment > Tools > Levels & Measuring > Calipers,6687
6929,Corner Squares,Craft Supplies & Tools > Tools & Equipment > Tools > Levels & Measuring > Corner Squares,6687
6920,Dividers & Compasses,Craft Supplies & Tools > Tools & Equipment > Tools > Levels & Measuring > Dividers & Compasses,6687
6918,Jewelry Sizers,Craft Supplies & Tools > Tools & Equipment > Tools > Levels & Measuring > Jewelry Sizers,6687
6915,Levels,Craft Supplies & Tools > Tools & Equipment > Tools > Levels & Measuring > Levels,6687
6924,Measuring Grids,Craft Supplies & Tools > Tools & Equipment > Tools > Levels & Measuring > Measuring Grids,6687
6925,Needle Gauges,Craft Supplies & Tools > Tools & Equipment > Tools > Levels & Measuring > Needle Gauges,6687
6927,Protractors,Craft Supplies & Tools > Tools & Equipment > Tools > Levels & Measuring > Protractors,6687
6916,Rulers & Yardsticks,Craft Supplies & Tools > Tools & Equipment > Tools > Levels & Measuring > Rulers & Yardsticks,6687
9329,Rulers,Craft Supplies & Tools > Tools & Equipment > Tools > Levels & Measuring > Rulers & Yardsticks > Rulers,6916
9330,Yardsticks,Craft Supplies & Tools > Tools & Equipment > Tools > Levels & Measuring > Rulers & Yardsticks > Yardsticks,6916
6921,Scales,Craft Supplies & Tools > Tools & Equipment > Tools > Levels & Measuring > Scales,6687
6923,Stitch Counters,Craft Supplies & Tools > Tools & Equipment > Tools > Levels & Measuring > Stitch Counters,6687
6917,Tape Measures,Craft Supplies & Tools > Tools & Equipment > Tools > Levels & Measuring > Tape Measures,6687
6922,Thermometers,Craft Supplies & Tools > Tools & Equipment > Tools > Levels & Measuring > Thermometers,6687
6703,Weights,Craft Supplies & Tools > Tools & Equipment > Tools > Levels & Measuring > Weights,6687
6689,"Pliers, Tweezers & Tongs","Craft Supplies & Tools > Tools & Equipment > Tools > Pliers, Tweezers & Tongs",6396
6934,Hemostats,"Craft Supplies & Tools > Tools & Equipment > Tools > Pliers, Tweezers & Tongs > Hemostats",6689
6931,Pliers,"Craft Supplies & Tools > Tools & Equipment > Tools > Pliers, Tweezers & Tongs > Pliers",6689
6935,Tongs,"Craft Supplies & Tools > Tools & Equipment > Tools > Pliers, Tweezers & Tongs > Tongs",6689
6932,Tweezers,"Craft Supplies & Tools > Tools & Equipment > Tools > Pliers, Tweezers & Tongs > Tweezers",6689
9321,Raking & Scraping,Craft Supplies & Tools > Tools & Equipment > Tools > Raking & Scraping,6396
9755,Felting Mats,Craft Supplies & Tools > Tools & Equipment > Tools > Raking & Scraping > Felting Mats,9321
6706,Hand & Drum Carders,Craft Supplies & Tools > Tools & Equipment > Tools > Raking & Scraping > Hand & Drum Carders,9321
6707,Washboards,Craft Supplies & Tools > Tools & Equipment > Tools > Raking & Scraping > Washboards,9321
6695,Rolling & Folding,Craft Supplies & Tools > Tools & Equipment > Tools > Rolling & Folding,6396
6956,Bone Folders,Craft Supplies & Tools > Tools & Equipment > Tools > Rolling & Folding > Bone Folders,6695
6957,Burnishers,Craft Supplies & Tools > Tools & Equipment > Tools > Rolling & Folding > Burnishers,6695
6948,Slab Rollers,Craft Supplies & Tools > Tools & Equipment > Tools > Rolling & Folding > Slab Rollers,6695
6712,Shaping & Modeling,Craft Supplies & Tools > Tools & Equipment > Tools > Shaping & Modeling,6396
6704,Anvils,Craft Supplies & Tools > Tools & Equipment > Tools > Shaping & Modeling > Anvils,6712
6978,Pushers,Craft Supplies & Tools > Tools & Equipment > Tools > Shaping & Modeling > Pushers,6712
6696,Spinning & Winding,Craft Supplies & Tools > Tools & Equipment > Tools > Spinning & Winding,6396
6961,Ball Winders,Craft Supplies & Tools > Tools & Equipment > Tools > Spinning & Winding > Ball Winders,6696
6960,Niddy Noddies,Craft Supplies & Tools > Tools & Equipment > Tools > Spinning & Winding > Niddy Noddies,6696
6959,Nostepinnes,Craft Supplies & Tools > Tools & Equipment > Tools > Spinning & Winding > Nostepinnes,6696
6958,Spindles,Craft Supplies & Tools > Tools & Equipment > Tools > Spinning & Winding > Spindles,6696
6962,Yarn Swifts,Craft Supplies & Tools > Tools & Equipment > Tools > Spinning & Winding > Yarn Swifts,6696
6710,Torching & Heating,Craft Supplies & Tools > Tools & Equipment > Tools > Torching & Heating,6396
6971,Branding Irons,Craft Supplies & Tools > Tools & Equipment > Tools > Torching & Heating > Branding Irons,6710
6970,Hand Torches,Craft Supplies & Tools > Tools & Equipment > Tools > Torching & Heating > Hand Torches,6710
9335,Pyrography Pens,Craft Supplies & Tools > Tools & Equipment > Tools > Torching & Heating > Pyrography Pens,6710
6691,"Wrenches, Ratchets & Sockets","Craft Supplies & Tools > Tools & Equipment > Tools > Wrenches, Ratchets & Sockets",6396
6936,Adjustable Wrenches,"Craft Supplies & Tools > Tools & Equipment > Tools > Wrenches, Ratchets & Sockets > Adjustable Wrenches",6691
6937,Combo Wrenches,"Craft Supplies & Tools > Tools & Equipment > Tools > Wrenches, Ratchets & Sockets > Combo Wrenches",6691
6939,Ratchets,"Craft Supplies & Tools > Tools & Equipment > Tools > Wrenches, Ratchets & Sockets > Ratchets",6691
6938,Sockets,"Craft Supplies & Tools > Tools & Equipment > Tools > Wrenches, Ratchets & Sockets > Sockets",6691
9322,Yarn & Fiber,Craft Supplies & Tools > Yarn & Fiber,562
6636,Batts,Craft Supplies & Tools > Yarn & Fiber > Batts,9322
6634,Interfacing & Stabilizers,Craft Supplies & Tools > Yarn & Fiber > Interfacing & Stabilizers,9322
6637,Mull Cloth,Craft Supplies & Tools > Yarn & Fiber > Mull Cloth,9322
6632,Roving,Craft Supplies & Tools > Yarn & Fiber > Roving,9322
6631,"Stuffing, Batting & Filling","Craft Supplies & Tools > Yarn & Fiber > Stuffing, Batting & Filling",9322
6243,Yarn,Craft Supplies & Tools > Yarn & Fiber > Yarn,9322
825,Electronics & Accessories,Electronics & Accessories,
826,Audio,Electronics & Accessories > Audio,825
827,Boomboxes & Portable Audio,Electronics & Accessories > Audio > Boomboxes & Portable Audio,826
828,Headphones & Stands,Electronics & Accessories > Audio > Headphones & Stands,826
2644,Headphone Stands,Electronics & Accessories > Audio > Headphones & Stands > Headphone Stands,828
2645,Headphones,Electronics & Accessories > Audio > Headphones & Stands > Headphones,828
829,Microphones,Electronics & Accessories > Audio > Microphones,826
830,Record Players,Electronics & Accessories > Audio > Record Players,826
831,Stereos & Home Audio,Electronics & Accessories > Audio > Stereos & Home Audio,826
832,Batteries & Charging,Electronics & Accessories > Batteries & Charging,825
833,Batteries,Electronics & Accessories > Batteries & Charging > Batteries,832
834,Chargers,Electronics & Accessories > Batteries & Charging > Chargers,832
835,Cables & Cords,Electronics & Accessories > Cables & Cords,825
836,Cables,Electronics & Accessories > Cables & Cords > Cables,835
837,Cord Ties & Organizers,Electronics & Accessories > Cables & Cords > Cord Ties & Organizers,835
838,Cameras & Equipment,Electronics & Accessories > Cameras & Equipment,825
840,Cameras,Electronics & Accessories > Cameras & Equipment > Cameras,838
9141,Film,Electronics & Accessories > Cameras & Equipment > Film,838
6893,Film Development Chemicals,Electronics & Accessories > Cameras & Equipment > Film Development Chemicals,838
841,Flashes & Lighting,Electronics & Accessories > Cameras & Equipment > Flashes & Lighting,838
842,Lenses & Filters,Electronics & Accessories > Cameras & Equipment > Lenses & Filters,838
2063,Filters,Electronics & Accessories > Cameras & Equipment > Lenses & Filters > Filters,842
2062,Lenses,Electronics & Accessories > Cameras & Equipment > Lenses & Filters > Lenses,842
843,Photography Accessories,Electronics & Accessories > Cameras & Equipment > Photography Accessories,838
12106,Presets & Photo Filters,Electronics & Accessories > Cameras & Equipment > Presets & Photo Filters,838
844,Slides & Accessories,Electronics & Accessories > Cameras & Equipment > Slides & Accessories,838
6225,Slide Viewers,Electronics & Accessories > Cameras & Equipment > Slides & Accessories > Slide Viewers,844
2065,Slides,Electronics & Accessories > Cameras & Equipment > Slides & Accessories > Slides,844
846,Car Parts & Accessories,Electronics & Accessories > Car Parts & Accessories,825
1895,Car Accessories,Electronics & Accessories > Car Parts & Accessories > Car Accessories,846
12419,Car Air Fresheners,Electronics & Accessories > Car Parts & Accessories > Car Accessories > Car Air Fresheners,1895
12420,Car Charms,Electronics & Accessories > Car Parts & Accessories > Car Accessories > Car Charms,1895
12421,Car Coasters,Electronics & Accessories > Car Parts & Accessories > Car Accessories > Car Coasters,1895
6064,Decorative License Plates,Electronics & Accessories > Car Parts & Accessories > Car Accessories > Decorative License Plates,1895
12422,Key Fob Covers,Electronics & Accessories > Car Parts & Accessories > Car Accessories > Key Fob Covers,1895
12423,License Plate Covers & Frames,Electronics & Accessories > Car Parts & Accessories > Car Accessories > License Plate Covers & Frames,1895
12424,Seat Covers,Electronics & Accessories > Car Parts & Accessories > Car Accessories > Seat Covers,1895
12425,Steering Wheel Covers,Electronics & Accessories > Car Parts & Accessories > Car Accessories > Steering Wheel Covers,1895
1894,Car Parts,Electronics & Accessories > Car Parts & Accessories > Car Parts,846
847,Cell Phone Accessories,Electronics & Accessories > Cell Phone Accessories,825
848,Plugs & Charms,Electronics & Accessories > Cell Phone Accessories > Plugs & Charms,847
849,Styluses,Electronics & Accessories > Cell Phone Accessories > Styluses,847
850,Computers & Peripherals,Electronics & Accessories > Computers & Peripherals,825
6733,Computer Parts,Electronics & Accessories > Computers & Peripherals > Computer Parts,850
851,Computers,Electronics & Accessories > Computers & Peripherals > Computers,850
852,Drives & Memory,Electronics & Accessories > Computers & Peripherals > Drives & Memory,850
853,Keyboards & Mice,Electronics & Accessories > Computers & Peripherals > Keyboards & Mice,850
1896,Keyboards,Electronics & Accessories > Computers & Peripherals > Keyboards & Mice > Keyboards,853
1897,Mice,Electronics & Accessories > Computers & Peripherals > Keyboards & Mice > Mice,853
2006,Mousepads,Electronics & Accessories > Computers & Peripherals > Keyboards & Mice > Mousepads,853
854,Monitor Accessories,Electronics & Accessories > Computers & Peripherals > Monitor Accessories,850
1906,Monitors,Electronics & Accessories > Computers & Peripherals > Monitors,850
855,Decals & Skins,Electronics & Accessories > Decals & Skins,825
856,Keyboard,Electronics & Accessories > Decals & Skins > Keyboard,855
1899,Keyboard Decals,Electronics & Accessories > Decals & Skins > Keyboard > Keyboard Decals,856
1898,Keyboard Skins,Electronics & Accessories > Decals & Skins > Keyboard > Keyboard Skins,856
857,Laptop,Electronics & Accessories > Decals & Skins > Laptop,855
1901,Laptop Decals,Electronics & Accessories > Decals & Skins > Laptop > Laptop Decals,857
1900,Laptop Skins,Electronics & Accessories > Decals & Skins > Laptop > Laptop Skins,857
858,Phone,Electronics & Accessories > Decals & Skins > Phone,855
1902,Phone Decals,Electronics & Accessories > Decals & Skins > Phone > Phone Decals,858
1903,Phone Skins,Electronics & Accessories > Decals & Skins > Phone > Phone Skins,858
859,Tablet,Electronics & Accessories > Decals & Skins > Tablet,855
1905,Tablet Decals,Electronics & Accessories > Decals & Skins > Tablet > Tablet Decals,859
1904,Tablet Skins,Electronics & Accessories > Decals & Skins > Tablet > Tablet Skins,859
861,Docking & Stands,Electronics & Accessories > Docking & Stands,825
862,Docking Stations,Electronics & Accessories > Docking & Stands > Docking Stations,861
863,Laptop Trays & Stands,Electronics & Accessories > Docking & Stands > Laptop Trays & Stands,861
864,Stands,Electronics & Accessories > Docking & Stands > Stands,861
865,Electronics Cases,Electronics & Accessories > Electronics Cases,825
866,Camera Bags & Cases,Electronics & Accessories > Electronics Cases > Camera Bags & Cases,865
867,Bag Inserts,Electronics & Accessories > Electronics Cases > Camera Bags & Cases > Bag Inserts,866
839,Camera Accessories,Electronics & Accessories > Electronics Cases > Camera Bags & Cases > Camera Accessories,866
868,Camera Cases,Electronics & Accessories > Electronics Cases > Camera Bags & Cases > Camera Cases,866
869,Camera Straps & Strap Covers,Electronics & Accessories > Electronics Cases > Camera Bags & Cases > Camera Straps & Strap Covers,866
1698,Camera Strap Covers,Electronics & Accessories > Electronics Cases > Camera Bags & Cases > Camera Straps & Strap Covers > Camera Strap Covers,869
1697,Camera Straps,Electronics & Accessories > Electronics Cases > Camera Bags & Cases > Camera Straps & Strap Covers > Camera Straps,869
870,Lens Cases,Electronics & Accessories > Electronics Cases > Camera Bags & Cases > Lens Cases,866
871,Laptop Bags,Electronics & Accessories > Electronics Cases > Laptop Bags,865
872,Laptop Sleeves,Electronics & Accessories > Electronics Cases > Laptop Sleeves,865
873,Phone Cases,Electronics & Accessories > Electronics Cases > Phone Cases,865
874,Tablet & E-Reader Cases,Electronics & Accessories > Electronics Cases > Tablet & E-Reader Cases,865
875,Gadgets,Electronics & Accessories > Gadgets,825
876,Maker Supplies,Electronics & Accessories > Maker Supplies,825
877,3D Printing & Machining,Electronics & Accessories > Maker Supplies > 3D Printing & Machining,876
6980,3D Printer Filament,Electronics & Accessories > Maker Supplies > 3D Printing & Machining > 3D Printer Filament,877
6714,3D Printers,Electronics & Accessories > Maker Supplies > 3D Printing & Machining > 3D Printers,877
878,Raspberry Pi & Arduino,Electronics & Accessories > Maker Supplies > Raspberry Pi & Arduino,876
879,Robotics,Electronics & Accessories > Maker Supplies > Robotics,876
880,Parts & Electrical,Electronics & Accessories > Parts & Electrical,825
881,Bulbs & Tubes,Electronics & Accessories > Parts & Electrical > Bulbs & Tubes,880
7004,Circuit Boards,Electronics & Accessories > Parts & Electrical > Circuit Boards,880
7001,Motors,Electronics & Accessories > Parts & Electrical > Motors,880
882,Parts,Electronics & Accessories > Parts & Electrical > Parts,880
883,Sockets & Wiring,Electronics & Accessories > Parts & Electrical > Sockets & Wiring,880
884,Testing & Calibration,Electronics & Accessories > Parts & Electrical > Testing & Calibration,880
6997,Transformers,Electronics & Accessories > Parts & Electrical > Transformers,880
886,TV & Projection,Electronics & Accessories > TV & Projection,825
887,Projectors,Electronics & Accessories > TV & Projection > Projectors,886
888,Televisions,Electronics & Accessories > TV & Projection > Televisions,886
889,Video Players,Electronics & Accessories > TV & Projection > Video Players,886
885,Telephones & Handsets,Electronics & Accessories > Telephones & Handsets,825
890,Video Games,Electronics & Accessories > Video Games,825
12189,Arcade Games,Electronics & Accessories > Video Games > Arcade Games,890
12190,Consoles,Electronics & Accessories > Video Games > Consoles,890
12191,Controllers & Joysticks,Electronics & Accessories > Video Games > Controllers & Joysticks,890
12192,Games,Electronics & Accessories > Video Games > Games,890
12193,Handheld & Pocket Games,Electronics & Accessories > Video Games > Handheld & Pocket Games,890
12194,Parts & Modifications,Electronics & Accessories > Video Games > Parts & Modifications,890
12196,Controller Modifications,Electronics & Accessories > Video Games > Parts & Modifications > Controller Modifications,12194
12195,Dock Covers & Socks,Electronics & Accessories > Video Games > Parts & Modifications > Dock Covers & Socks,12194
12197,Stands & Displays,Electronics & Accessories > Video Games > Stands & Displays,890
891,Home & Living,Home & Living,
900,Bathroom,Home & Living > Bathroom,891
901,Bath Mats & Rugs,Home & Living > Bathroom > Bath Mats & Rugs,900
1915,Bath Mats,Home & Living > Bathroom > Bath Mats & Rugs > Bath Mats,901
1916,Bath Rugs,Home & Living > Bathroom > Bath Mats & Rugs > Bath Rugs,901
904,Bath Towels,Home & Living > Bathroom > Bath Towels,900
902,Bathroom Decor,Home & Living > Bathroom > Bathroom Decor,900
1917,Bathroom Tumblers,Home & Living > Bathroom > Bathroom Decor > Bathroom Tumblers,902
12444,Tissue Box Covers,Home & Living > Bathroom > Bathroom Decor > Tissue Box Covers,902
1884,Toothbrush Holders,Home & Living > Bathroom > Bathroom Decor > Toothbrush Holders,902
11650,Bathroom Scales,Home & Living > Bathroom > Bathroom Scales,900
906,Bathroom Storage,Home & Living > Bathroom > Bathroom Storage,900
903,Bathroom Vanities,Home & Living > Bathroom > Bathroom Vanities,900
11647,Bathtub Trays,Home & Living > Bathroom > Bathtub Trays,900
905,Beach Towels,Home & Living > Bathroom > Beach Towels,900
907,Hooded Towels,Home & Living > Bathroom > Hooded Towels,900
11315,Medicine Cabinets,Home & Living > Bathroom > Medicine Cabinets,900
908,Shower Curtains & Rings,Home & Living > Bathroom > Shower Curtains & Rings,900
1919,Curtain Rings & Hooks,Home & Living > Bathroom > Shower Curtains & Rings > Curtain Rings & Hooks,908
1918,Shower Curtains,Home & Living > Bathroom > Shower Curtains & Rings > Shower Curtains,908
2197,Shower Rods & Hardware,Home & Living > Bathroom > Shower Curtains & Rings > Shower Rods & Hardware,908
909,Soap Dishes & Dispensers,Home & Living > Bathroom > Soap Dishes & Dispensers,900
1920,Soap Dishes,Home & Living > Bathroom > Soap Dishes & Dispensers > Soap Dishes,909
1921,Soap Dispensers,Home & Living > Bathroom > Soap Dishes & Dispensers > Soap Dispensers,909
12442,Toilet Paper Holders,Home & Living > Bathroom > Toilet Paper Holders,900
910,Towel Racks & Rods,Home & Living > Bathroom > Towel Racks & Rods,900
911,Bedding,Home & Living > Bedding,891
912,Bed Pillows,Home & Living > Bedding > Bed Pillows,911
12396,Bedspreads,Home & Living > Bedding > Bedspreads,911
913,Blankets & Throws,Home & Living > Bedding > Blankets & Throws,911
914,Afghans,Home & Living > Bedding > Blankets & Throws > Afghans,913
2910,Baby Blankets,Home & Living > Bedding > Blankets & Throws > Baby Blankets,913
12165,Dohars,Home & Living > Bedding > Blankets & Throws > Dohars,913
916,Quilts,Home & Living > Bedding > Blankets & Throws > Quilts,913
915,Throws,Home & Living > Bedding > Blankets & Throws > Throws,913
1879,Weighted Blankets,Home & Living > Bedding > Blankets & Throws > Weighted Blankets,913
12466,Comforters,Home & Living > Bedding > Comforters,911
11560,Crib Rail Covers,Home & Living > Bedding > Crib Rail Covers,911
11556,Crib Skirts,Home & Living > Bedding > Crib Skirts,911
917,Duvet Covers,Home & Living > Bedding > Duvet Covers,911
12454,Mattress Pads & Protectors,Home & Living > Bedding > Mattress Pads & Protectors,911
918,Sheets & Pillowcases,Home & Living > Bedding > Sheets & Pillowcases,911
1923,Fitted Sheets,Home & Living > Bedding > Sheets & Pillowcases > Fitted Sheets,918
1922,Flat Sheets,Home & Living > Bedding > Sheets & Pillowcases > Flat Sheets,918
1925,Pillowcases,Home & Living > Bedding > Sheets & Pillowcases > Pillowcases,918
1926,Shams,Home & Living > Bedding > Sheets & Pillowcases > Shams,918
1924,Sheet Sets,Home & Living > Bedding > Sheets & Pillowcases > Sheet Sets,918
6058,Tooth Fairy Pillows,Home & Living > Bedding > Tooth Fairy Pillows,911
919,Cleaning Supplies,Home & Living > Cleaning Supplies,891
920,Air Fresheners,Home & Living > Cleaning Supplies > Air Fresheners,919
922,"Buckets, Mops & Brooms","Home & Living > Cleaning Supplies > Buckets, Mops & Brooms",919
1929,Brooms,"Home & Living > Cleaning Supplies > Buckets, Mops & Brooms > Brooms",922
1927,Buckets,"Home & Living > Cleaning Supplies > Buckets, Mops & Brooms > Buckets",922
1928,Mops,"Home & Living > Cleaning Supplies > Buckets, Mops & Brooms > Mops",922
924,Cleaning Products,Home & Living > Cleaning Supplies > Cleaning Products,919
925,Cloths & Sponges,Home & Living > Cleaning Supplies > Cloths & Sponges,919
9339,Polishing Cloths,Home & Living > Cleaning Supplies > Cloths & Sponges > Polishing Cloths,925
6791,Sponges,Home & Living > Cleaning Supplies > Cloths & Sponges > Sponges,925
926,Laundry Supplies,Home & Living > Cleaning Supplies > Laundry Supplies,919
11347,Clothespin Bags,Home & Living > Cleaning Supplies > Laundry Supplies > Clothespin Bags,926
11346,Dryer Balls,Home & Living > Cleaning Supplies > Laundry Supplies > Dryer Balls,926
11348,Ironing Board Covers,Home & Living > Cleaning Supplies > Laundry Supplies > Ironing Board Covers,926
11350,Laundry Detergents & Soaps,Home & Living > Cleaning Supplies > Laundry Supplies > Laundry Detergents & Soaps,926
1178,Curtains & Window Treatments,Home & Living > Curtains & Window Treatments,891
12642,Blinds,Home & Living > Curtains & Window Treatments > Blinds,1178
12639,Curtain Hardware,Home & Living > Curtains & Window Treatments > Curtain Hardware,1178
12638,Curtain Rods,Home & Living > Curtains & Window Treatments > Curtain Hardware > Curtain Rods,12639
12443,Curtain Tie Backs,Home & Living > Curtains & Window Treatments > Curtain Hardware > Curtain Tie Backs,12639
2182,Curtains,Home & Living > Curtains & Window Treatments > Curtains,1178
12640,Shades,Home & Living > Curtains & Window Treatments > Shades,1178
12641,Valances,Home & Living > Curtains & Window Treatments > Valances,1178
927,Floor & Rugs,Home & Living > Floor & Rugs,891
12450,Door Mats,Home & Living > Floor & Rugs > Door Mats,927
929,Rugs,Home & Living > Floor & Rugs > Rugs,927
930,Food & Drink,Home & Living > Food & Drink,891
931,Baked Goods,Home & Living > Food & Drink > Baked Goods,930
932,Biscotti,Home & Living > Food & Drink > Baked Goods > Biscotti,931
933,Bread,Home & Living > Food & Drink > Baked Goods > Bread,931
934,Brownies,Home & Living > Food & Drink > Baked Goods > Brownies,931
935,Cakes,Home & Living > Food & Drink > Baked Goods > Cakes,931
936,Cookies,Home & Living > Food & Drink > Baked Goods > Cookies,931
937,Cupcakes,Home & Living > Food & Drink > Baked Goods > Cupcakes,931
938,Pastries,Home & Living > Food & Drink > Baked Goods > Pastries,931
939,Pies,Home & Living > Food & Drink > Baked Goods > Pies,931
940,Candy,Home & Living > Food & Drink > Candy,930
941,Brittle,Home & Living > Food & Drink > Candy > Brittle,940
942,Caramels,Home & Living > Food & Drink > Candy > Caramels,940
943,Chocolates,Home & Living > Food & Drink > Candy > Chocolates,940
944,Fudge,Home & Living > Food & Drink > Candy > Fudge,940
945,Lollipops,Home & Living > Food & Drink > Candy > Lollipops,940
946,Marshmallows,Home & Living > Food & Drink > Candy > Marshmallows,940
947,Popcorn,Home & Living > Food & Drink > Candy > Popcorn,940
948,Pretzels,Home & Living > Food & Drink > Candy > Pretzels,940
949,Toffee,Home & Living > Food & Drink > Candy > Toffee,940
950,Truffles,Home & Living > Food & Drink > Candy > Truffles,940
951,Coffee & Tea,Home & Living > Food & Drink > Coffee & Tea,930
952,Coffee,Home & Living > Food & Drink > Coffee & Tea > Coffee,951
953,Hot Chocolate,Home & Living > Food & Drink > Coffee & Tea > Hot Chocolate,951
954,Sweeteners,Home & Living > Food & Drink > Coffee & Tea > Sweeteners,951
955,Tea,Home & Living > Food & Drink > Coffee & Tea > Tea,951
956,Condiments & Sauces,Home & Living > Food & Drink > Condiments & Sauces,930
6304,Food Starters & Additives,Home & Living > Food & Drink > Food Starters & Additives,930
6523,Extracts,Home & Living > Food & Drink > Food Starters & Additives > Extracts,6304
6521,Flavoring,Home & Living > Food & Drink > Food Starters & Additives > Flavoring,6304
6513,Food Coloring,Home & Living > Food & Drink > Food Starters & Additives > Food Coloring,6304
6518,Live Cultures & Starters,Home & Living > Food & Drink > Food Starters & Additives > Live Cultures & Starters,6304
6829,Kefir,Home & Living > Food & Drink > Food Starters & Additives > Live Cultures & Starters > Kefir,6518
6828,Scobies,Home & Living > Food & Drink > Food Starters & Additives > Live Cultures & Starters > Scobies,6518
6529,Grains,Home & Living > Food & Drink > Grains,930
957,"Herbs, Spices & Seasonings","Home & Living > Food & Drink > Herbs, Spices & Seasonings",930
958,Herbs & Spices,"Home & Living > Food & Drink > Herbs, Spices & Seasonings > Herbs & Spices",957
959,Seasoning Mixes,"Home & Living > Food & Drink > Herbs, Spices & Seasonings > Seasoning Mixes",957
961,Preserves,Home & Living > Food & Drink > Preserves,930
2208,Chutneys,Home & Living > Food & Drink > Preserves > Chutneys,961
2210,Fruit Butters,Home & Living > Food & Drink > Preserves > Fruit Butters,961
962,Jams,Home & Living > Food & Drink > Preserves > Jams,961
2206,Jellies,Home & Living > Food & Drink > Preserves > Jellies,961
963,Marmalades,Home & Living > Food & Drink > Preserves > Marmalades,961
2207,Pickles,Home & Living > Food & Drink > Preserves > Pickles,961
965,Snacks,Home & Living > Food & Drink > Snacks,930
966,Soups & Packaged Mixes,Home & Living > Food & Drink > Soups & Packaged Mixes,930
2176,Packaged Mixes,Home & Living > Food & Drink > Soups & Packaged Mixes > Packaged Mixes,966
2175,Soups,Home & Living > Food & Drink > Soups & Packaged Mixes > Soups,966
967,Furniture,Home & Living > Furniture,891
968,Bedroom Furniture,Home & Living > Furniture > Bedroom Furniture,967
969,Beds & Headboards,Home & Living > Furniture > Bedroom Furniture > Beds & Headboards,968
12455,Bed Frames,Home & Living > Furniture > Bedroom Furniture > Beds & Headboards > Bed Frames,969
12456,Headboards,Home & Living > Furniture > Bedroom Furniture > Beds & Headboards > Headboards,969
970,Dressers & Armoires,Home & Living > Furniture > Bedroom Furniture > Dressers & Armoires,968
972,Nightstands,Home & Living > Furniture > Bedroom Furniture > Nightstands,968
971,Steps & Stools,Home & Living > Furniture > Bedroom Furniture > Steps & Stools,968
12470,Vanity Tables,Home & Living > Furniture > Bedroom Furniture > Vanity Tables,968
973,Dining Room Furniture,Home & Living > Furniture > Dining Room Furniture,967
974,Buffets & China Cabinets,Home & Living > Furniture > Dining Room Furniture > Buffets & China Cabinets,973
975,Dining Chairs,Home & Living > Furniture > Dining Room Furniture > Dining Chairs,973
976,Dining Sets,Home & Living > Furniture > Dining Room Furniture > Dining Sets,973
977,Kitchen & Dining Tables,Home & Living > Furniture > Dining Room Furniture > Kitchen & Dining Tables,973
11837,Kitchen Islands,Home & Living > Furniture > Dining Room Furniture > Kitchen Islands,973
978,Stools & Banquettes,Home & Living > Furniture > Dining Room Furniture > Stools & Banquettes,973
979,Entryway & Mudroom Furniture,Home & Living > Furniture > Entryway & Mudroom Furniture,967
12403,Hall Trees,Home & Living > Furniture > Entryway & Mudroom Furniture > Hall Trees,979
12405,Standing Coat Racks,Home & Living > Furniture > Entryway & Mudroom Furniture > Standing Coat Racks,979
12406,Umbrella Stands,Home & Living > Furniture > Entryway & Mudroom Furniture > Umbrella Stands,979
980,Kids' Furniture,Home & Living > Furniture > Kids' Furniture,967
981,Bean Bag Chairs,Home & Living > Furniture > Kids' Furniture > Bean Bag Chairs,980
982,Benches & Toy Boxes,Home & Living > Furniture > Kids' Furniture > Benches & Toy Boxes,980
983,Bookcases,Home & Living > Furniture > Kids' Furniture > Bookcases,980
985,"Desks, Tables & Chairs","Home & Living > Furniture > Kids' Furniture > Desks, Tables & Chairs",980
986,Dressers & Drawers,Home & Living > Furniture > Kids' Furniture > Dressers & Drawers,980
987,Steps & Stools,Home & Living > Furniture > Kids' Furniture > Steps & Stools,980
988,Toddler Beds,Home & Living > Furniture > Kids' Furniture > Toddler Beds,980
989,Living Room Furniture,Home & Living > Furniture > Living Room Furniture,967
990,Benches & Trunks,Home & Living > Furniture > Living Room Furniture > Benches & Trunks,989
12369,Benches,Home & Living > Furniture > Living Room Furniture > Benches & Trunks > Benches,990
12370,Trunks,Home & Living > Furniture > Living Room Furniture > Benches & Trunks > Trunks,990
991,Bookshelves,Home & Living > Furniture > Living Room Furniture > Bookshelves,989
992,Chairs,Home & Living > Furniture > Living Room Furniture > Chairs,989
993,Coffee & End Tables,Home & Living > Furniture > Living Room Furniture > Coffee & End Tables,989
12371,Coffee Tables,Home & Living > Furniture > Living Room Furniture > Coffee & End Tables > Coffee Tables,993
12372,End Tables,Home & Living > Furniture > Living Room Furniture > Coffee & End Tables > End Tables,993
994,Console Tables & Cabinets,Home & Living > Furniture > Living Room Furniture > Console Tables & Cabinets,989
11355,Console & Sofa Tables,Home & Living > Furniture > Living Room Furniture > Console Tables & Cabinets > Console & Sofa Tables,994
11356,TV Stands & Media Centers,Home & Living > Furniture > Living Room Furniture > Console Tables & Cabinets > TV Stands & Media Centers,994
998,Couches & Loveseats,Home & Living > Furniture > Living Room Furniture > Couches & Loveseats,989
996,Floor Pillows,Home & Living > Furniture > Living Room Furniture > Floor Pillows,989
12468,Ottomans & Poufs,Home & Living > Furniture > Living Room Furniture > Ottomans & Poufs,989
12216,Room Dividers,Home & Living > Furniture > Living Room Furniture > Room Dividers,989
997,Slipcovers,Home & Living > Furniture > Living Room Furniture > Slipcovers,989
999,Office Furniture,Home & Living > Furniture > Office Furniture,967
1000,Desk Chairs,Home & Living > Furniture > Office Furniture > Desk Chairs,999
1001,Desks,Home & Living > Furniture > Office Furniture > Desks,999
12408,Filing Cabinets,Home & Living > Furniture > Office Furniture > Filing Cabinets,999
892,Home Appliances,Home & Living > Home Appliances,891
893,Appliance Decals,Home & Living > Home Appliances > Appliance Decals,892
895,Fans & Heaters,Home & Living > Home Appliances > Fans & Heaters,892
1911,Fans,Home & Living > Home Appliances > Fans & Heaters > Fans,895
1912,Heaters,Home & Living > Home Appliances > Fans & Heaters > Heaters,895
896,Irons & Steamers,Home & Living > Home Appliances > Irons & Steamers,892
1913,Irons,Home & Living > Home Appliances > Irons & Steamers > Irons,896
1914,Steamers,Home & Living > Home Appliances > Irons & Steamers > Steamers,896
897,Large Appliances,Home & Living > Home Appliances > Large Appliances,892
899,Weather Instruments,Home & Living > Home Appliances > Weather Instruments,892
1002,Home Decor,Home & Living > Home Decor,891
1004,Candles & Home Fragrances,Home & Living > Home Decor > Candles & Home Fragrances,1002
2212,Candleholders,Home & Living > Home Decor > Candles & Home Fragrances > Candleholders,1004
2786,Bowls,Home & Living > Home Decor > Candles & Home Fragrances > Candleholders > Bowls,2212
2213,Candelabras,Home & Living > Home Decor > Candles & Home Fragrances > Candleholders > Candelabras,2212
2789,Candle Lanterns,Home & Living > Home Decor > Candles & Home Fragrances > Candleholders > Candle Lanterns,2212
2792,Candle Warmers,Home & Living > Home Decor > Candles & Home Fragrances > Candleholders > Candle Warmers,2212
2214,Candlestick Holders,Home & Living > Home Decor > Candles & Home Fragrances > Candleholders > Candlestick Holders,2212
2787,Chandeliers,Home & Living > Home Decor > Candles & Home Fragrances > Candleholders > Chandeliers,2212
2790,Hurricanes,Home & Living > Home Decor > Candles & Home Fragrances > Candleholders > Hurricanes,2212
2793,Salt Candle Holders,Home & Living > Home Decor > Candles & Home Fragrances > Candleholders > Salt Candle Holders,2212
2788,Sconces,Home & Living > Home Decor > Candles & Home Fragrances > Candleholders > Sconces,2212
2791,Candles,Home & Living > Home Decor > Candles & Home Fragrances > Candles,1004
1005,Container Candles,Home & Living > Home Decor > Candles & Home Fragrances > Candles > Container Candles,2791
1006,Flameless Candles,Home & Living > Home Decor > Candles & Home Fragrances > Candles > Flameless Candles,2791
1009,Pillar Candles,Home & Living > Home Decor > Candles & Home Fragrances > Candles > Pillar Candles,2791
1010,Taper Candles,Home & Living > Home Decor > Candles & Home Fragrances > Candles > Taper Candles,2791
1011,Tea Lights,Home & Living > Home Decor > Candles & Home Fragrances > Candles > Tea Lights,2791
1012,Votive Candles,Home & Living > Home Decor > Candles & Home Fragrances > Candles > Votive Candles,2791
2858,Home Fragrances,Home & Living > Home Decor > Candles & Home Fragrances > Home Fragrances,1004
1007,Incense,Home & Living > Home Decor > Candles & Home Fragrances > Home Fragrances > Incense,2858
1008,Incense Holders,Home & Living > Home Decor > Candles & Home Fragrances > Home Fragrances > Incense Holders,2858
2861,Potpourri,Home & Living > Home Decor > Candles & Home Fragrances > Home Fragrances > Potpourri,2858
12440,Reed Diffusers,Home & Living > Home Decor > Candles & Home Fragrances > Home Fragrances > Reed Diffusers,2858
12439,Room Spray,Home & Living > Home Decor > Candles & Home Fragrances > Home Fragrances > Room Spray,2858
2862,Sachets,Home & Living > Home Decor > Candles & Home Fragrances > Home Fragrances > Sachets,2858
1014,Wax Melts,Home & Living > Home Decor > Candles & Home Fragrances > Home Fragrances > Wax Melts,2858
2225,Chair Pads,Home & Living > Home Decor > Chair Pads,1002
1016,Clocks,Home & Living > Home Decor > Clocks,1002
12489,Decorative Storage,Home & Living > Home Decor > Decorative Storage,1002
12491,Decorative Baskets,Home & Living > Home Decor > Decorative Storage > Decorative Baskets,12489
1003,Decorative Bowls,Home & Living > Home Decor > Decorative Storage > Decorative Bowls,12489
1018,Decorative Trays,Home & Living > Home Decor > Decorative Storage > Decorative Trays,12489
12492,Faux Plants & Greenery,Home & Living > Home Decor > Faux Plants & Greenery,1002
12219,Fireplace Screens,Home & Living > Home Decor > Fireplace Screens,1002
1020,Flower Arrangements,Home & Living > Home Decor > Flower Arrangements,1002
12493,Artificial Flower Arrangements,Home & Living > Home Decor > Flower Arrangements > Artificial Flower Arrangements,1020
2911,Dried Flower Arrangements,Home & Living > Home Decor > Flower Arrangements > Dried Flower Arrangements,1020
12632,Fresh Flower Arrangements,Home & Living > Home Decor > Flower Arrangements > Fresh Flower Arrangements,1020
12490,Home Accents,Home & Living > Home Decor > Home Accents,1002
6081,Bells,Home & Living > Home Decor > Home Accents > Bells,12490
12441,Book Nooks,Home & Living > Home Decor > Home Accents > Book Nooks,12490
330,Bookends,Home & Living > Home Decor > Home Accents > Bookends,12490
12446,Decorative Compasses,Home & Living > Home Decor > Home Accents > Decorative Compasses,12490
2913,Decorative Tiles,Home & Living > Home Decor > Home Accents > Decorative Tiles,12490
12445,Globes,Home & Living > Home Decor > Home Accents > Globes,12490
12239,Indoor Fountains,Home & Living > Home Decor > Home Accents > Indoor Fountains,12490
11486,Piggy Banks,Home & Living > Home Decor > Home Accents > Piggy Banks,12490
1893,Rocks & Geodes,Home & Living > Home Decor > Home Accents > Rocks & Geodes,12490
2869,Statues,Home & Living > Home Decor > Home Accents > Statues,12490
1025,Taxidermy & Curiosities,Home & Living > Home Decor > Home Accents > Taxidermy & Curiosities,12490
6086,Animal Mounts,Home & Living > Home Decor > Home Accents > Taxidermy & Curiosities > Animal Mounts,1025
6087,Bones & Skulls,Home & Living > Home Decor > Home Accents > Taxidermy & Curiosities > Bones & Skulls,1025
6088,Faux Taxidermy,Home & Living > Home Decor > Home Accents > Taxidermy & Curiosities > Faux Taxidermy,1025
6085,Insects,Home & Living > Home Decor > Home Accents > Taxidermy & Curiosities > Insects,1025
1026,Vases,Home & Living > Home Decor > Home Accents > Vases,12490
1021,Mirrors,Home & Living > Home Decor > Mirrors,1002
1022,Mobiles,Home & Living > Home Decor > Mobiles,1002
1024,Picture Frames & Displays,Home & Living > Home Decor > Picture Frames & Displays,1002
11299,Collage Frames,Home & Living > Home Decor > Picture Frames & Displays > Collage Frames,1024
2280,Displays,Home & Living > Home Decor > Picture Frames & Displays > Displays,1024
2279,Picture Frames,Home & Living > Home Decor > Picture Frames & Displays > Picture Frames,1024
1023,Seasonal Decor,Home & Living > Home Decor > Seasonal Decor,1002
6109,Christmas Trees,Home & Living > Home Decor > Seasonal Decor > Christmas Trees,1023
12448,Easter Baskets,Home & Living > Home Decor > Seasonal Decor > Easter Baskets,1023
1857,Ornaments,Home & Living > Home Decor > Seasonal Decor > Ornaments,1023
1858,Stockings,Home & Living > Home Decor > Seasonal Decor > Stockings,1023
2912,Tree Skirts,Home & Living > Home Decor > Seasonal Decor > Tree Skirts,1023
6108,Tree Toppers,Home & Living > Home Decor > Seasonal Decor > Tree Toppers,1023
1017,Throw Pillows,Home & Living > Home Decor > Throw Pillows,1002
1027,Wall Decor,Home & Living > Home Decor > Wall Decor,1002
12232,Key Holders & Key Hooks,Home & Living > Home Decor > Wall Decor > Key Holders & Key Hooks,1027
1028,Wall Decals & Murals,Home & Living > Home Decor > Wall Decor > Wall Decals & Murals,1027
1986,Murals,Home & Living > Home Decor > Wall Decor > Wall Decals & Murals > Murals,1028
1987,Quotations,Home & Living > Home Decor > Wall Decor > Wall Decals & Murals > Quotations,1028
1988,Shapes,Home & Living > Home Decor > Wall Decor > Wall Decals & Murals > Shapes,1028
1029,Wall Hangings,Home & Living > Home Decor > Wall Decor > Wall Hangings,1027
2067,Maps,Home & Living > Home Decor > Wall Decor > Wall Hangings > Maps,1029
2844,Signs,Home & Living > Home Decor > Wall Decor > Wall Hangings > Signs,1029
2845,Address Signs,Home & Living > Home Decor > Wall Decor > Wall Hangings > Signs > Address Signs,2844
12108,Letter Boards & Accessories,Home & Living > Home Decor > Wall Decor > Wall Hangings > Signs > Letter Boards & Accessories,2844
12110,Marquee Letters & Signs,Home & Living > Home Decor > Wall Decor > Wall Hangings > Signs > Marquee Letters & Signs,2844
12109,Tapestries,Home & Living > Home Decor > Wall Decor > Wall Hangings > Tapestries,1029
1328,Wall Stencils,Home & Living > Home Decor > Wall Decor > Wall Stencils,1027
6112,Wallpaper,Home & Living > Home Decor > Wall Decor > Wallpaper,1027
12637,Window Clings,Home & Living > Home Decor > Wall Decor > Window Clings,1027
1030,Wreaths & Door Hangers,Home & Living > Home Decor > Wreaths & Door Hangers,1002
1931,Door Hangers,Home & Living > Home Decor > Wreaths & Door Hangers > Door Hangers,1030
1930,Wreaths,Home & Living > Home Decor > Wreaths & Door Hangers > Wreaths,1030
779,Home Improvement,Home & Living > Home Improvement,891
780,Doors & Locks,Home & Living > Home Improvement > Doors & Locks,779
12237,Door Knobs,Home & Living > Home Improvement > Doors & Locks > Door Knobs,780
2107,Doors,Home & Living > Home Improvement > Doors & Locks > Doors,780
2116,Keys,Home & Living > Home Improvement > Doors & Locks > Keys,780
2108,Locks,Home & Living > Home Improvement > Doors & Locks > Locks,780
783,Drawer Knobs & Pulls,Home & Living > Home Improvement > Drawer Knobs & Pulls,779
10792,Fillers & Spackling,Home & Living > Home Improvement > Fillers & Spackling,779
10795,Spackling,Home & Living > Home Improvement > Fillers & Spackling > Spackling,10792
10796,Wood Fillers,Home & Living > Home Improvement > Fillers & Spackling > Wood Fillers,10792
10797,Finials,Home & Living > Home Improvement > Finials,779
781,Flooring,Home & Living > Home Improvement > Flooring,779
10799,Hardware,Home & Living > Home Improvement > Hardware,779
10801,Framing Hardware,Home & Living > Home Improvement > Hardware > Framing Hardware,10799
10802,Mixed Hardware Sets,Home & Living > Home Improvement > Hardware > Mixed Hardware Sets,10799
10803,Nails,Home & Living > Home Improvement > Hardware > Nails,10799
10804,Nuts & Bolts,Home & Living > Home Improvement > Hardware > Nuts & Bolts,10799
7057,Bolts,Home & Living > Home Improvement > Hardware > Nuts & Bolts > Bolts,10804
7056,Nuts,Home & Living > Home Improvement > Hardware > Nuts & Bolts > Nuts,10804
10805,Screw Posts,Home & Living > Home Improvement > Hardware > Screw Posts,10799
10806,Screws,Home & Living > Home Improvement > Hardware > Screws,10799
10807,Staples,Home & Living > Home Improvement > Hardware > Staples,10799
10808,Tacks,Home & Living > Home Improvement > Hardware > Tacks,10799
782,Hinges,Home & Living > Home Improvement > Hinges,779
10809,Lighting Parts,Home & Living > Home Improvement > Lighting Parts,779
10811,Lamp Bases & Parts,Home & Living > Home Improvement > Lighting Parts > Lamp Bases & Parts,10809
10812,Light Bulbs,Home & Living > Home Improvement > Lighting Parts > Light Bulbs,10809
10813,Light Sockets,Home & Living > Home Improvement > Lighting Parts > Light Sockets,10809
10816,Light Switches,Home & Living > Home Improvement > Lighting Parts > Light Switches,10809
10814,Plugs & Cords,Home & Living > Home Improvement > Lighting Parts > Plugs & Cords,10809
784,Moldings & Trim,Home & Living > Home Improvement > Moldings & Trim,779
785,Plumbing,Home & Living > Home Improvement > Plumbing,779
11351,"Faucets, Handles & Showerheads","Home & Living > Home Improvement > Plumbing > Faucets, Handles & Showerheads",785
11352,Plumbing Pipes & Fittings,Home & Living > Home Improvement > Plumbing > Plumbing Pipes & Fittings,785
11353,Sinks & Basins,Home & Living > Home Improvement > Plumbing > Sinks & Basins,785
786,Windows,Home & Living > Home Improvement > Windows,779
1031,Kitchen & Dining,Home & Living > Kitchen & Dining,891
609,Bakeware,Home & Living > Kitchen & Dining > Bakeware,1031
2322,Baking Mats,Home & Living > Kitchen & Dining > Bakeware > Baking Mats,609
2310,Bundt Pans,Home & Living > Kitchen & Dining > Bakeware > Bundt Pans,609
2308,Cake Pans,Home & Living > Kitchen & Dining > Bakeware > Cake Pans,609
2307,Cookie Sheets,Home & Living > Kitchen & Dining > Bakeware > Cookie Sheets,609
2323,Cooling Racks,Home & Living > Kitchen & Dining > Bakeware > Cooling Racks,609
2309,Loaf Pans,Home & Living > Kitchen & Dining > Bakeware > Loaf Pans,609
6082,Mixing Bowls,Home & Living > Kitchen & Dining > Bakeware > Mixing Bowls,609
2306,Muffin & Cupcake Tins,Home & Living > Kitchen & Dining > Bakeware > Muffin & Cupcake Tins,609
2321,Pie Plates,Home & Living > Kitchen & Dining > Bakeware > Pie Plates,609
2324,Pizza Stones & Paddles,Home & Living > Kitchen & Dining > Bakeware > Pizza Stones & Paddles,609
894,Coffee & Tea Makers,Home & Living > Kitchen & Dining > Coffee & Tea Makers,1031
1909,Coffee Makers,Home & Living > Kitchen & Dining > Coffee & Tea Makers > Coffee Makers,894
2340,Coffee Grinders,Home & Living > Kitchen & Dining > Coffee & Tea Makers > Coffee Makers > Coffee Grinders,1909
2314,Coffee Machines,Home & Living > Kitchen & Dining > Coffee & Tea Makers > Coffee Makers > Coffee Machines,1909
12602,Coffee Stencils,Home & Living > Kitchen & Dining > Coffee & Tea Makers > Coffee Makers > Coffee Stencils,1909
2315,Espresso Makers,Home & Living > Kitchen & Dining > Coffee & Tea Makers > Coffee Makers > Espresso Makers,1909
2313,Percolators,Home & Living > Kitchen & Dining > Coffee & Tea Makers > Coffee Makers > Percolators,1909
2312,Pour Over & Drippers,Home & Living > Kitchen & Dining > Coffee & Tea Makers > Coffee Makers > Pour Over & Drippers,1909
2311,Turkish Coffee Sets,Home & Living > Kitchen & Dining > Coffee & Tea Makers > Coffee Makers > Turkish Coffee Sets,1909
1910,Tea Makers,Home & Living > Kitchen & Dining > Coffee & Tea Makers > Tea Makers,894
1933,Kettles,Home & Living > Kitchen & Dining > Coffee & Tea Makers > Tea Makers > Kettles,1910
12603,Tea Strainers,Home & Living > Kitchen & Dining > Coffee & Tea Makers > Tea Makers > Tea Strainers,1910
1932,Teapots,Home & Living > Kitchen & Dining > Coffee & Tea Makers > Tea Makers > Teapots,1910
1033,Cookware,Home & Living > Kitchen & Dining > Cookware,1031
1034,Casserole Dishes,Home & Living > Kitchen & Dining > Cookware > Casserole Dishes,1033
1035,Colanders & Strainers,Home & Living > Kitchen & Dining > Cookware > Colanders & Strainers,1033
1036,Cooking Utensils & Gadgets,Home & Living > Kitchen & Dining > Cookware > Cooking Utensils & Gadgets,1033
6498,Cookie Cutters,Home & Living > Kitchen & Dining > Cookware > Cooking Utensils & Gadgets > Cookie Cutters,1036
6505,Funnels,Home & Living > Kitchen & Dining > Cookware > Cooking Utensils & Gadgets > Funnels,1036
6503,Graters,Home & Living > Kitchen & Dining > Cookware > Cooking Utensils & Gadgets > Graters,1036
6508,Kitchen Tongs,Home & Living > Kitchen & Dining > Cookware > Cooking Utensils & Gadgets > Kitchen Tongs,1036
6506,Ladles,Home & Living > Kitchen & Dining > Cookware > Cooking Utensils & Gadgets > Ladles,1036
6500,Mashers & Pounders,Home & Living > Kitchen & Dining > Cookware > Cooking Utensils & Gadgets > Mashers & Pounders,1036
6494,Measuring Cups & Spoons,Home & Living > Kitchen & Dining > Cookware > Cooking Utensils & Gadgets > Measuring Cups & Spoons,1036
6496,Mixer Attachments,Home & Living > Kitchen & Dining > Cookware > Cooking Utensils & Gadgets > Mixer Attachments,1036
6495,Mixers & Whisks,Home & Living > Kitchen & Dining > Cookware > Cooking Utensils & Gadgets > Mixers & Whisks,1036
6497,Mixing Spoons,Home & Living > Kitchen & Dining > Cookware > Cooking Utensils & Gadgets > Mixing Spoons,1036
6501,Muddlers,Home & Living > Kitchen & Dining > Cookware > Cooking Utensils & Gadgets > Muddlers,1036
6507,Paddles,Home & Living > Kitchen & Dining > Cookware > Cooking Utensils & Gadgets > Paddles,1036
6499,Rolling Pins,Home & Living > Kitchen & Dining > Cookware > Cooking Utensils & Gadgets > Rolling Pins,1036
6504,Scoops,Home & Living > Kitchen & Dining > Cookware > Cooking Utensils & Gadgets > Scoops,1036
6493,Spatulas,Home & Living > Kitchen & Dining > Cookware > Cooking Utensils & Gadgets > Spatulas,1036
6502,Strainers,Home & Living > Kitchen & Dining > Cookware > Cooking Utensils & Gadgets > Strainers,1036
6822,Cheesecloth,Home & Living > Kitchen & Dining > Cookware > Cooking Utensils & Gadgets > Strainers > Cheesecloth,6502
6823,Sifters,Home & Living > Kitchen & Dining > Cookware > Cooking Utensils & Gadgets > Strainers > Sifters,6502
1037,Cutlery & Knives,Home & Living > Kitchen & Dining > Cookware > Cutlery & Knives,1033
2325,Cutlery,Home & Living > Kitchen & Dining > Cookware > Cutlery & Knives > Cutlery,1037
2326,Knives,Home & Living > Kitchen & Dining > Cookware > Cutlery & Knives > Knives,1037
1038,Cutting Boards,Home & Living > Kitchen & Dining > Cookware > Cutting Boards,1033
1039,Pots & Pans,Home & Living > Kitchen & Dining > Cookware > Pots & Pans,1033
2296,Lids,Home & Living > Kitchen & Dining > Cookware > Pots & Pans > Lids,1039
1947,Pans,Home & Living > Kitchen & Dining > Cookware > Pots & Pans > Pans,1039
2293,Griddles,Home & Living > Kitchen & Dining > Cookware > Pots & Pans > Pans > Griddles,1947
2291,Roasting Pans,Home & Living > Kitchen & Dining > Cookware > Pots & Pans > Pans > Roasting Pans,1947
2288,Saucepans,Home & Living > Kitchen & Dining > Cookware > Pots & Pans > Pans > Saucepans,1947
2298,Sauté Pans,Home & Living > Kitchen & Dining > Cookware > Pots & Pans > Pans > Sauté Pans,1947
2287,Skillets,Home & Living > Kitchen & Dining > Cookware > Pots & Pans > Pans > Skillets,1947
1948,Pot & Pan Sets,Home & Living > Kitchen & Dining > Cookware > Pots & Pans > Pot & Pan Sets,1039
1946,Pots,Home & Living > Kitchen & Dining > Cookware > Pots & Pans > Pots,1039
6487,Boilers & Kettles,Home & Living > Kitchen & Dining > Cookware > Pots & Pans > Pots > Boilers & Kettles,1946
2289,Double Boilers,Home & Living > Kitchen & Dining > Cookware > Pots & Pans > Pots > Double Boilers,1946
2290,Dutch Ovens,Home & Living > Kitchen & Dining > Cookware > Pots & Pans > Pots > Dutch Ovens,1946
2292,Fondue Sets,Home & Living > Kitchen & Dining > Cookware > Pots & Pans > Pots > Fondue Sets,1946
6488,Pouring Pots,Home & Living > Kitchen & Dining > Cookware > Pots & Pans > Pots > Pouring Pots,1946
2299,Pressure Cookers,Home & Living > Kitchen & Dining > Cookware > Pots & Pans > Pots > Pressure Cookers,1946
2286,Stockpots,Home & Living > Kitchen & Dining > Cookware > Pots & Pans > Pots > Stockpots,1946
2294,Woks,Home & Living > Kitchen & Dining > Cookware > Pots & Pans > Woks,1039
1040,Spoon Rests,Home & Living > Kitchen & Dining > Cookware > Spoon Rests,1033
1042,Trivets & Pot Holders,Home & Living > Kitchen & Dining > Cookware > Trivets & Pot Holders,1033
6070,Pot Holders,Home & Living > Kitchen & Dining > Cookware > Trivets & Pot Holders > Pot Holders,1042
6069,Trivets,Home & Living > Kitchen & Dining > Cookware > Trivets & Pot Holders > Trivets,1042
1043,Dining & Serving,Home & Living > Kitchen & Dining > Dining & Serving,1031
1044,Bowls,Home & Living > Kitchen & Dining > Dining & Serving > Bowls,1043
1046,Cake Stands,Home & Living > Kitchen & Dining > Dining & Serving > Cake Stands,1043
12210,Chopsticks,Home & Living > Kitchen & Dining > Dining & Serving > Chopsticks,1043
1047,Dinnerware Sets,Home & Living > Kitchen & Dining > Dining & Serving > Dinnerware Sets,1043
1048,Flatware & Silverware,Home & Living > Kitchen & Dining > Dining & Serving > Flatware & Silverware,1043
12457,Olive Oil & Vinegar Cruets,Home & Living > Kitchen & Dining > Dining & Serving > Olive Oil & Vinegar Cruets,1043
1049,Plates,Home & Living > Kitchen & Dining > Dining & Serving > Plates,1043
1050,Salt & Pepper Shakers,Home & Living > Kitchen & Dining > Dining & Serving > Salt & Pepper Shakers,1043
1051,Serving Odds & Ends,Home & Living > Kitchen & Dining > Dining & Serving > Serving Odds & Ends,1043
1045,Butter Dishes,Home & Living > Kitchen & Dining > Dining & Serving > Serving Odds & Ends > Butter Dishes,1051
2639,Gravy Boats,Home & Living > Kitchen & Dining > Dining & Serving > Serving Odds & Ends > Gravy Boats,1051
2640,Sugar Bowls & Creamers,Home & Living > Kitchen & Dining > Dining & Serving > Serving Odds & Ends > Sugar Bowls & Creamers,1051
2642,Creamers,Home & Living > Kitchen & Dining > Dining & Serving > Serving Odds & Ends > Sugar Bowls & Creamers > Creamers,2640
2927,Honey Pots,Home & Living > Kitchen & Dining > Dining & Serving > Serving Odds & Ends > Sugar Bowls & Creamers > Honey Pots,2640
2643,Sets,Home & Living > Kitchen & Dining > Dining & Serving > Serving Odds & Ends > Sugar Bowls & Creamers > Sets,2640
2641,Sugar Bowls,Home & Living > Kitchen & Dining > Dining & Serving > Serving Odds & Ends > Sugar Bowls & Creamers > Sugar Bowls,2640
1052,Serving Utensils,Home & Living > Kitchen & Dining > Dining & Serving > Serving Utensils,1043
1053,Trays & Platters,Home & Living > Kitchen & Dining > Dining & Serving > Trays & Platters,1043
12213,Cheese & Charcuterie Boards,Home & Living > Kitchen & Dining > Dining & Serving > Trays & Platters > Cheese & Charcuterie Boards,1053
12458,Lazy Susans,Home & Living > Kitchen & Dining > Dining & Serving > Trays & Platters > Lazy Susans,1053
2538,Platters,Home & Living > Kitchen & Dining > Dining & Serving > Trays & Platters > Platters,1053
6084,Snack Sets,Home & Living > Kitchen & Dining > Dining & Serving > Trays & Platters > Snack Sets,1053
2537,Trays,Home & Living > Kitchen & Dining > Dining & Serving > Trays & Platters > Trays,1053
1054,Drink & Barware,Home & Living > Kitchen & Dining > Drink & Barware,1031
1863,Barware,Home & Living > Kitchen & Dining > Drink & Barware > Barware,1054
1055,Bar Carts & Bars,Home & Living > Kitchen & Dining > Drink & Barware > Barware > Bar Carts & Bars,1863
6531,Beer Taps & Handles,Home & Living > Kitchen & Dining > Drink & Barware > Barware > Beer Taps & Handles,1863
1057,Bottle Openers,Home & Living > Kitchen & Dining > Drink & Barware > Barware > Bottle Openers,1863
1058,Bottle Stoppers,Home & Living > Kitchen & Dining > Drink & Barware > Barware > Bottle Stoppers,1863
1059,Champagne & Coupe Glasses,Home & Living > Kitchen & Dining > Drink & Barware > Barware > Champagne & Coupe Glasses,1863
1934,Champagne Glasses,Home & Living > Kitchen & Dining > Drink & Barware > Barware > Champagne & Coupe Glasses > Champagne Glasses,1059
1935,Coupe Glasses,Home & Living > Kitchen & Dining > Drink & Barware > Barware > Champagne & Coupe Glasses > Coupe Glasses,1059
1061,Cocktail Shakers,Home & Living > Kitchen & Dining > Drink & Barware > Barware > Cocktail Shakers,1863
1064,Decanters,Home & Living > Kitchen & Dining > Drink & Barware > Barware > Decanters,1863
12149,Drink Flights,Home & Living > Kitchen & Dining > Drink & Barware > Barware > Drink Flights,1863
11274,Flasks,Home & Living > Kitchen & Dining > Drink & Barware > Barware > Flasks,1863
1065,Ice Buckets,Home & Living > Kitchen & Dining > Drink & Barware > Barware > Ice Buckets,1863
1066,Martini & Cocktail Glasses,Home & Living > Kitchen & Dining > Drink & Barware > Barware > Martini & Cocktail Glasses,1863
1950,Julep Cups,Home & Living > Kitchen & Dining > Drink & Barware > Barware > Martini & Cocktail Glasses > Julep Cups,1066
1951,Margarita Glasses,Home & Living > Kitchen & Dining > Drink & Barware > Barware > Martini & Cocktail Glasses > Margarita Glasses,1066
1949,Martini Glasses,Home & Living > Kitchen & Dining > Drink & Barware > Barware > Martini & Cocktail Glasses > Martini Glasses,1066
1068,Shot Glasses,Home & Living > Kitchen & Dining > Drink & Barware > Barware > Shot Glasses,1863
1861,Steins,Home & Living > Kitchen & Dining > Drink & Barware > Barware > Steins,1863
1072,Wine Glasses & Charms,Home & Living > Kitchen & Dining > Drink & Barware > Barware > Wine Glasses & Charms,1863
1936,Wine Charms,Home & Living > Kitchen & Dining > Drink & Barware > Barware > Wine Glasses & Charms > Wine Charms,1072
1937,Wine Glasses,Home & Living > Kitchen & Dining > Drink & Barware > Barware > Wine Glasses & Charms > Wine Glasses,1072
1862,Drinkware,Home & Living > Kitchen & Dining > Drink & Barware > Drinkware,1054
1060,Coasters,Home & Living > Kitchen & Dining > Drink & Barware > Drinkware > Coasters,1862
1063,Cozies,Home & Living > Kitchen & Dining > Drink & Barware > Drinkware > Cozies,1862
12613,Bottle Cozies,Home & Living > Kitchen & Dining > Drink & Barware > Drinkware > Cozies > Bottle Cozies,1063
12616,Bowl Cozies,Home & Living > Kitchen & Dining > Drink & Barware > Drinkware > Cozies > Bowl Cozies,1063
12629,Can Cozies,Home & Living > Kitchen & Dining > Drink & Barware > Drinkware > Cozies > Can Cozies,1063
12630,Coffee Cozies,Home & Living > Kitchen & Dining > Drink & Barware > Drinkware > Cozies > Coffee Cozies,1063
12624,Ice Cream Cozies,Home & Living > Kitchen & Dining > Drink & Barware > Drinkware > Cozies > Ice Cream Cozies,1063
1881,Tea Cozies,Home & Living > Kitchen & Dining > Drink & Barware > Drinkware > Cozies > Tea Cozies,1063
2663,Juice Sets & Carafes,Home & Living > Kitchen & Dining > Drink & Barware > Drinkware > Juice Sets & Carafes,1862
2665,Carafes,Home & Living > Kitchen & Dining > Drink & Barware > Drinkware > Juice Sets & Carafes > Carafes,2663
2664,Juice Glasses,Home & Living > Kitchen & Dining > Drink & Barware > Drinkware > Juice Sets & Carafes > Juice Glasses,2663
2666,Juice Sets,Home & Living > Kitchen & Dining > Drink & Barware > Drinkware > Juice Sets & Carafes > Juice Sets,2663
2667,Juicers,Home & Living > Kitchen & Dining > Drink & Barware > Drinkware > Juice Sets & Carafes > Juicers,2663
1062,Mugs,Home & Living > Kitchen & Dining > Drink & Barware > Drinkware > Mugs,1862
1056,Pint Glasses,Home & Living > Kitchen & Dining > Drink & Barware > Drinkware > Pint Glasses,1862
1067,Pitchers & Drinking Sets,Home & Living > Kitchen & Dining > Drink & Barware > Drinkware > Pitchers & Drinking Sets,1862
1939,Pitcher Sets,Home & Living > Kitchen & Dining > Drink & Barware > Drinkware > Pitchers & Drinking Sets > Pitcher Sets,1067
1938,Pitchers,Home & Living > Kitchen & Dining > Drink & Barware > Drinkware > Pitchers & Drinking Sets > Pitchers,1067
1880,Punch Bowls & Sets,Home & Living > Kitchen & Dining > Drink & Barware > Drinkware > Punch Bowls & Sets,1862
1941,Punch Bowl Sets,Home & Living > Kitchen & Dining > Drink & Barware > Drinkware > Punch Bowls & Sets > Punch Bowl Sets,1880
1940,Punch Bowls,Home & Living > Kitchen & Dining > Drink & Barware > Drinkware > Punch Bowls & Sets > Punch Bowls,1880
1069,Tea Cups & Sets,Home & Living > Kitchen & Dining > Drink & Barware > Drinkware > Tea Cups & Sets,1862
1942,Tea Cups,Home & Living > Kitchen & Dining > Drink & Barware > Drinkware > Tea Cups & Sets > Tea Cups,1069
1943,Tea Sets,Home & Living > Kitchen & Dining > Drink & Barware > Drinkware > Tea Cups & Sets > Tea Sets,1069
11275,Travel Mugs,Home & Living > Kitchen & Dining > Drink & Barware > Drinkware > Travel Mugs,1862
1071,Tumblers & Water Glasses,Home & Living > Kitchen & Dining > Drink & Barware > Drinkware > Tumblers & Water Glasses,1862
1070,Water Bottles,Home & Living > Kitchen & Dining > Drink & Barware > Drinkware > Water Bottles,1862
12225,Water Pots,Home & Living > Kitchen & Dining > Drink & Barware > Drinkware > Water Pots,1862
1073,Kitchen Decor,Home & Living > Kitchen & Dining > Kitchen Decor,1031
1074,Centerpieces & Table Decor,Home & Living > Kitchen & Dining > Kitchen Decor > Centerpieces & Table Decor,1073
1944,Centerpieces,Home & Living > Kitchen & Dining > Kitchen Decor > Centerpieces & Table Decor > Centerpieces,1074
12465,Napkin Rings,Home & Living > Kitchen & Dining > Kitchen Decor > Centerpieces & Table Decor > Napkin Rings,1074
1075,Refrigerator Magnets,Home & Living > Kitchen & Dining > Kitchen Decor > Refrigerator Magnets,1073
1076,Kitchen Storage,Home & Living > Kitchen & Dining > Kitchen Storage,1031
12459,Beeswax Food Wrappers,Home & Living > Kitchen & Dining > Kitchen Storage > Beeswax Food Wrappers,1076
1077,Jars & Containers,Home & Living > Kitchen & Dining > Kitchen Storage > Jars & Containers,1076
6083,Canister Sets,Home & Living > Kitchen & Dining > Kitchen Storage > Jars & Containers > Canister Sets,1077
6059,Cookie Jars,Home & Living > Kitchen & Dining > Kitchen Storage > Jars & Containers > Cookie Jars,1077
12461,Kitchen Crocks,Home & Living > Kitchen & Dining > Kitchen Storage > Jars & Containers > Kitchen Crocks,1077
12462,Utensil Holders,Home & Living > Kitchen & Dining > Kitchen Storage > Jars & Containers > Utensil Holders,1077
1859,Knife Blocks & Storage,Home & Living > Kitchen & Dining > Kitchen Storage > Knife Blocks & Storage,1076
1078,Napkin Holders,Home & Living > Kitchen & Dining > Kitchen Storage > Napkin Holders,1076
12376,Paper Towel Holders,Home & Living > Kitchen & Dining > Kitchen Storage > Paper Towel Holders,1076
2295,Pot Racks,Home & Living > Kitchen & Dining > Kitchen Storage > Pot Racks,1076
2921,Recipe Storage,Home & Living > Kitchen & Dining > Kitchen Storage > Recipe Storage,1076
2922,Recipe Boxes,Home & Living > Kitchen & Dining > Kitchen Storage > Recipe Storage > Recipe Boxes,2921
2923,Recipe Stands,Home & Living > Kitchen & Dining > Kitchen Storage > Recipe Storage > Recipe Stands,2921
12463,Reusable Bowl Covers,Home & Living > Kitchen & Dining > Kitchen Storage > Reusable Bowl Covers,1076
12243,Spice Boxes,Home & Living > Kitchen & Dining > Kitchen Storage > Spice Boxes,1076
1079,Spice Racks,Home & Living > Kitchen & Dining > Kitchen Storage > Spice Racks,1076
1889,Wine & Beer Storage,Home & Living > Kitchen & Dining > Kitchen Storage > Wine & Beer Storage,1076
1890,Beer Caddies,Home & Living > Kitchen & Dining > Kitchen Storage > Wine & Beer Storage > Beer Caddies,1889
1080,Wine Racks,Home & Living > Kitchen & Dining > Kitchen Storage > Wine & Beer Storage > Wine Racks,1889
1081,Linens,Home & Living > Kitchen & Dining > Linens,1031
1083,Dishcloths,Home & Living > Kitchen & Dining > Linens > Dishcloths,1081
1864,Kitchen & Tea Towels,Home & Living > Kitchen & Dining > Linens > Kitchen & Tea Towels,1081
12464,Oven Mitts,Home & Living > Kitchen & Dining > Linens > Oven Mitts,1081
12610,Reusable Paper Towels,Home & Living > Kitchen & Dining > Linens > Reusable Paper Towels,1081
1085,Table Linens,Home & Living > Kitchen & Dining > Linens > Table Linens,1081
1019,Doilies,Home & Living > Kitchen & Dining > Linens > Table Linens > Doilies,1085
12387,Mug Rugs,Home & Living > Kitchen & Dining > Linens > Table Linens > Mug Rugs,1085
1953,Napkins,Home & Living > Kitchen & Dining > Linens > Table Linens > Napkins,1085
1952,Placemats,Home & Living > Kitchen & Dining > Linens > Table Linens > Placemats,1085
1955,Table Linen Sets,Home & Living > Kitchen & Dining > Linens > Table Linens > Table Linen Sets,1085
1945,Table Runners,Home & Living > Kitchen & Dining > Linens > Table Linens > Table Runners,1085
1954,Tablecloths,Home & Living > Kitchen & Dining > Linens > Table Linens > Tablecloths,1085
2301,Small Kitchen Appliances,Home & Living > Kitchen & Dining > Small Kitchen Appliances,1031
1086,Lighting,Home & Living > Lighting,891
12358,Ceiling Fans,Home & Living > Lighting > Ceiling Fans,1086
1089,"Lamps, Shades & Bases","Home & Living > Lighting > Lamps, Shades & Bases",1086
1090,Lamp Shades,"Home & Living > Lighting > Lamps, Shades & Bases > Lamp Shades",1089
12351,Lamps,"Home & Living > Lighting > Lamps, Shades & Bases > Lamps",1089
2914,Accent Lamps,"Home & Living > Lighting > Lamps, Shades & Bases > Lamps > Accent Lamps",12351
2813,Desk Lamps,"Home & Living > Lighting > Lamps, Shades & Bases > Lamps > Desk Lamps",12351
2814,Floor Lamps,"Home & Living > Lighting > Lamps, Shades & Bases > Lamps > Floor Lamps",12351
12352,Lamp Sets,"Home & Living > Lighting > Lamps, Shades & Bases > Lamps > Lamp Sets",12351
12353,Lava Lamps,"Home & Living > Lighting > Lamps, Shades & Bases > Lamps > Lava Lamps",12351
12354,Oil Lamps,"Home & Living > Lighting > Lamps, Shades & Bases > Lamps > Oil Lamps",12351
12357,Salt Lamps,"Home & Living > Lighting > Lamps, Shades & Bases > Lamps > Salt Lamps",12351
2815,Table Lamps,"Home & Living > Lighting > Lamps, Shades & Bases > Lamps > Table Lamps",12351
12356,Light Accessories,Home & Living > Lighting > Light Accessories,1086
12360,Ceiling Medallions,Home & Living > Lighting > Light Accessories > Ceiling Medallions,12356
12364,Lamp Harps,Home & Living > Lighting > Light Accessories > Lamp Harps,12356
1092,Light Pulls,Home & Living > Lighting > Light Accessories > Light Pulls,12356
1095,Light Switch & Outlet Covers,Home & Living > Lighting > Light Accessories > Light Switch & Outlet Covers,12356
1088,Light Fixtures,Home & Living > Lighting > Light Fixtures,1086
12348,Ceiling Lights,Home & Living > Lighting > Light Fixtures > Ceiling Lights,1088
2195,Chandeliers,Home & Living > Lighting > Light Fixtures > Ceiling Lights > Chandeliers,12348
2196,Pendant Lights,Home & Living > Lighting > Light Fixtures > Ceiling Lights > Pendant Lights,12348
1117,Garden & String Lights,Home & Living > Lighting > Light Fixtures > Garden & String Lights,1088
12410,Garden Lights,Home & Living > Lighting > Light Fixtures > Garden & String Lights > Garden Lights,1117
6336,String Lights,Home & Living > Lighting > Light Fixtures > Garden & String Lights > String Lights,1117
12349,Wall Lights,Home & Living > Lighting > Light Fixtures > Wall Lights,1088
1091,Electric Lanterns,Home & Living > Lighting > Light Fixtures > Wall Lights > Electric Lanterns,12349
1093,Night Lights,Home & Living > Lighting > Light Fixtures > Wall Lights > Night Lights,12349
12361,Picture Lights,Home & Living > Lighting > Light Fixtures > Wall Lights > Picture Lights,12349
1094,Sconces,Home & Living > Lighting > Light Fixtures > Wall Lights > Sconces,12349
12362,Vanity Lights,Home & Living > Lighting > Light Fixtures > Wall Lights > Vanity Lights,12349
1096,Office,Home & Living > Office,891
1097,Banks & Cash Boxes,Home & Living > Office > Banks & Cash Boxes,1096
1098,Chalkboards,Home & Living > Office > Chalkboards,1096
12397,Desk Name Plates,Home & Living > Office > Desk Name Plates,1096
1099,Dry Erase Boards,Home & Living > Office > Dry Erase Boards,1096
1100,Message & Bulletin Boards,Home & Living > Office > Message & Bulletin Boards,1096
1101,Office & Desk Storage,Home & Living > Office > Office & Desk Storage,1096
1102,Office & School Supplies,Home & Living > Office > Office & School Supplies,1096
1103,Paperweights,Home & Living > Office > Paperweights,1096
12159,Sneeze Guards & Partitions,Home & Living > Office > Sneeze Guards & Partitions,1096
1104,Typewriters,Home & Living > Office > Typewriters,1096
1105,Outdoor & Gardening,Home & Living > Outdoor & Gardening,891
1106,Coolers,Home & Living > Outdoor & Gardening > Coolers,1105
1108,Fire Pits & Wood,Home & Living > Outdoor & Gardening > Fire Pits & Wood,1105
1974,Fire Pit Tools,Home & Living > Outdoor & Gardening > Fire Pits & Wood > Fire Pit Tools,1108
1973,Fire Pits,Home & Living > Outdoor & Gardening > Fire Pits & Wood > Fire Pits,1108
1972,Firewood,Home & Living > Outdoor & Gardening > Fire Pits & Wood > Firewood,1108
1975,Firewood Storage,Home & Living > Outdoor & Gardening > Fire Pits & Wood > Firewood Storage,1108
1109,Garden Boxes,Home & Living > Outdoor & Gardening > Garden Boxes,1105
1110,Garden Decoration,Home & Living > Outdoor & Gardening > Garden Decoration,1105
12611,Bird Baths,Home & Living > Outdoor & Gardening > Garden Decoration > Bird Baths,1110
1956,Bird Feeders,Home & Living > Outdoor & Gardening > Garden Decoration > Bird Feeders,1110
1957,Birdhouses,Home & Living > Outdoor & Gardening > Garden Decoration > Birdhouses,1110
12240,Outdoor Fountains,Home & Living > Outdoor & Gardening > Garden Decoration > Outdoor Fountains,1110
2867,Outdoor Statues,Home & Living > Outdoor & Gardening > Garden Decoration > Outdoor Statues,1110
2785,Wind Chimes,Home & Living > Outdoor & Gardening > Garden Decoration > Wind Chimes,1110
2784,Yard Art,Home & Living > Outdoor & Gardening > Garden Decoration > Yard Art,1110
1112,Gardening Tools,Home & Living > Outdoor & Gardening > Gardening Tools,1105
1113,Greenhouses & Hydroponics,Home & Living > Outdoor & Gardening > Greenhouses & Hydroponics,1105
1114,Grills & Accessories,Home & Living > Outdoor & Gardening > Grills & Accessories,1105
1979,Grill Tools,Home & Living > Outdoor & Gardening > Grills & Accessories > Grill Tools,1114
1978,Grills,Home & Living > Outdoor & Gardening > Grills & Accessories > Grills,1114
1115,Hammocks & Swings,Home & Living > Outdoor & Gardening > Hammocks & Swings,1105
1980,Hammocks,Home & Living > Outdoor & Gardening > Hammocks & Swings > Hammocks,1115
1981,Swings,Home & Living > Outdoor & Gardening > Hammocks & Swings > Swings,1115
1116,Mailboxes,Home & Living > Outdoor & Gardening > Mailboxes,1105
1118,Patio Furniture,Home & Living > Outdoor & Gardening > Patio Furniture,1105
1984,Patio Chairs,Home & Living > Outdoor & Gardening > Patio Furniture > Patio Chairs,1118
1982,Patio Sets,Home & Living > Outdoor & Gardening > Patio Furniture > Patio Sets,1118
1983,Patio Tables,Home & Living > Outdoor & Gardening > Patio Furniture > Patio Tables,1118
1985,Patio Umbrellas,Home & Living > Outdoor & Gardening > Patio Furniture > Patio Umbrellas,1118
6627,Plant Accessories,Home & Living > Outdoor & Gardening > Plant Accessories,1105
6880,Fertilizer,Home & Living > Outdoor & Gardening > Plant Accessories > Fertilizer,6627
6881,Plant Food & Supplements,Home & Living > Outdoor & Gardening > Plant Accessories > Plant Food & Supplements,6627
6876,Plant Hangers,Home & Living > Outdoor & Gardening > Plant Accessories > Plant Hangers,6627
6874,Plant Markers & Stakes,Home & Living > Outdoor & Gardening > Plant Accessories > Plant Markers & Stakes,6627
6879,Soil,Home & Living > Outdoor & Gardening > Plant Accessories > Soil,6627
6878,Terrarium Containers,Home & Living > Outdoor & Gardening > Plant Accessories > Terrarium Containers,6627
1130,Plant Stands,Home & Living > Outdoor & Gardening > Plant Stands,1105
1119,Planters & Pots,Home & Living > Outdoor & Gardening > Planters & Pots,1105
6060,Indoor Planters,Home & Living > Outdoor & Gardening > Planters & Pots > Indoor Planters,1119
6061,Outdoor Planters,Home & Living > Outdoor & Gardening > Planters & Pots > Outdoor Planters,1119
1120,Plants,Home & Living > Outdoor & Gardening > Plants,1105
1121,Air Plants,Home & Living > Outdoor & Gardening > Plants > Air Plants,1120
1122,Bonsai,Home & Living > Outdoor & Gardening > Plants > Bonsai,1120
6882,Bushes & Trees,Home & Living > Outdoor & Gardening > Plants > Bushes & Trees,1120
1123,"Ferns, Grasses & Bamboo","Home & Living > Outdoor & Gardening > Plants > Ferns, Grasses & Bamboo",1120
1124,Flowering Plants,Home & Living > Outdoor & Gardening > Plants > Flowering Plants,1120
1125,Fruit & Vegetables,Home & Living > Outdoor & Gardening > Plants > Fruit & Vegetables,1120
1126,Herbs,Home & Living > Outdoor & Gardening > Plants > Herbs,1120
6871,House Plants,Home & Living > Outdoor & Gardening > Plants > House Plants,1120
6883,Leaves & Thorns,Home & Living > Outdoor & Gardening > Plants > Leaves & Thorns,1120
6868,Moss,Home & Living > Outdoor & Gardening > Plants > Moss,1120
6886,Pine Needles,Home & Living > Outdoor & Gardening > Plants > Pine Needles,1120
1129,Succulents & Cacti,Home & Living > Outdoor & Gardening > Plants > Succulents & Cacti,1120
1132,Seeds & Seed Bombs,Home & Living > Outdoor & Gardening > Seeds & Seed Bombs,1105
7051,Acorns & Nuts,Home & Living > Outdoor & Gardening > Seeds & Seed Bombs > Acorns & Nuts,1132
7050,Pine Cones,Home & Living > Outdoor & Gardening > Seeds & Seed Bombs > Pine Cones,1132
6890,Plant Bulbs,Home & Living > Outdoor & Gardening > Seeds & Seed Bombs > Plant Bulbs,1132
6889,Seed Bombs,Home & Living > Outdoor & Gardening > Seeds & Seed Bombs > Seed Bombs,1132
6888,Seeds,Home & Living > Outdoor & Gardening > Seeds & Seed Bombs > Seeds,1132
1133,Watering & Hoses,Home & Living > Outdoor & Gardening > Watering & Hoses,1105
1134,Wheels & Wheelbarrows,Home & Living > Outdoor & Gardening > Wheels & Wheelbarrows,1105
1135,Spirituality & Religion,Home & Living > Spirituality & Religion,891
1136,"Altars, Shrines & Tools","Home & Living > Spirituality & Religion > Altars, Shrines & Tools",1135
12207,Deity Thrones & Swings,"Home & Living > Spirituality & Religion > Altars, Shrines & Tools > Deity Thrones & Swings",1136
12206,Home Temples & Shrines,"Home & Living > Spirituality & Religion > Altars, Shrines & Tools > Home Temples & Shrines",1136
12208,Prayer Wheels,"Home & Living > Spirituality & Religion > Altars, Shrines & Tools > Prayer Wheels",1136
12332,Shiva Lingam,"Home & Living > Spirituality & Religion > Altars, Shrines & Tools > Shiva Lingam",1136
1869,Cemetery & Funeral,Home & Living > Spirituality & Religion > Cemetery & Funeral,1135
1870,Caskets & Urns,Home & Living > Spirituality & Religion > Cemetery & Funeral > Caskets & Urns,1869
1871,Caskets,Home & Living > Spirituality & Religion > Cemetery & Funeral > Caskets & Urns > Caskets,1870
1872,Urns,Home & Living > Spirituality & Religion > Cemetery & Funeral > Caskets & Urns > Urns,1870
1873,Grave Markers & Decoration,Home & Living > Spirituality & Religion > Cemetery & Funeral > Grave Markers & Decoration,1869
1137,Ceremonial Pipes,Home & Living > Spirituality & Religion > Ceremonial Pipes,1135
1138,Divination Tools,Home & Living > Spirituality & Religion > Divination Tools,1135
1964,Dowsing,Home & Living > Spirituality & Religion > Divination Tools > Dowsing,1138
1968,Fortune Cups & China,Home & Living > Spirituality & Religion > Divination Tools > Fortune Cups & China,1138
1971,I Ching,Home & Living > Spirituality & Religion > Divination Tools > I Ching,1138
1969,Palmistry,Home & Living > Spirituality & Religion > Divination Tools > Palmistry,1138
1966,Runes,Home & Living > Spirituality & Religion > Divination Tools > Runes,1138
1967,Scrying,Home & Living > Spirituality & Religion > Divination Tools > Scrying,1138
1970,Talking Boards,Home & Living > Spirituality & Religion > Divination Tools > Talking Boards,1138
1965,Tarot,Home & Living > Spirituality & Religion > Divination Tools > Tarot,1138
1139,Meditation,Home & Living > Spirituality & Religion > Meditation,1135
12205,Gongs,Home & Living > Spirituality & Religion > Meditation > Gongs,1139
12204,Singing Bowls,Home & Living > Spirituality & Religion > Meditation > Singing Bowls,1139
1140,Natural Curios,Home & Living > Spirituality & Religion > Natural Curios,1135
1960,Herbs & Roots,Home & Living > Spirituality & Religion > Natural Curios > Herbs & Roots,1140
1959,Mineral,Home & Living > Spirituality & Religion > Natural Curios > Mineral,1140
1958,Zoological,Home & Living > Spirituality & Religion > Natural Curios > Zoological,1140
1153,Prayer Beads & Charms,Home & Living > Spirituality & Religion > Prayer Beads & Charms,1135
2925,Chaplets,Home & Living > Spirituality & Religion > Prayer Beads & Charms > Chaplets,1153
1155,Lucky Charms & Amulets,Home & Living > Spirituality & Religion > Prayer Beads & Charms > Lucky Charms & Amulets,1153
1158,Metaphysical Crystals,Home & Living > Spirituality & Religion > Prayer Beads & Charms > Metaphysical Crystals,1153
1156,Prayer Beads,Home & Living > Spirituality & Religion > Prayer Beads & Charms > Prayer Beads,1153
1157,Prayer Cards,Home & Living > Spirituality & Religion > Prayer Beads & Charms > Prayer Cards,1153
1159,Rosaries,Home & Living > Spirituality & Religion > Prayer Beads & Charms > Rosaries,1153
1160,Saints Medals,Home & Living > Spirituality & Religion > Prayer Beads & Charms > Saints Medals,1153
2926,Scapulars,Home & Living > Spirituality & Religion > Prayer Beads & Charms > Scapulars,1153
1141,Prayer Mats & Rugs,Home & Living > Spirituality & Religion > Prayer Mats & Rugs,1135
6053,Psychic Readings,Home & Living > Spirituality & Religion > Psychic Readings,1135
1142,Reiki & Chakras,Home & Living > Spirituality & Religion > Reiki & Chakras,1135
1143,Religious Candles & Incense,Home & Living > Spirituality & Religion > Religious Candles & Incense,1135
12162,Diyas,Home & Living > Spirituality & Religion > Religious Candles & Incense > Diyas,1143
1144,Incense,Home & Living > Spirituality & Religion > Religious Candles & Incense > Incense,1143
1145,Menorahs,Home & Living > Spirituality & Religion > Religious Candles & Incense > Menorahs,1143
1146,Novena Candles,Home & Living > Spirituality & Religion > Religious Candles & Incense > Novena Candles,1143
1147,Ritual Candles,Home & Living > Spirituality & Religion > Religious Candles & Incense > Ritual Candles,1143
1148,Ritual Oil & Resins,Home & Living > Spirituality & Religion > Religious Candles & Incense > Ritual Oil & Resins,1143
1149,Spiritual Colognes,Home & Living > Spirituality & Religion > Religious Candles & Incense > Spiritual Colognes,1143
1150,Religious Clothing,Home & Living > Spirituality & Religion > Religious Clothing,1135
1963,Prayer Shawls,Home & Living > Spirituality & Religion > Religious Clothing > Prayer Shawls,1150
2849,Vestments,Home & Living > Spirituality & Religion > Religious Clothing > Vestments,1150
1961,Yarmulkes,Home & Living > Spirituality & Religion > Religious Clothing > Yarmulkes,1150
1151,Religious Home & Decor,Home & Living > Spirituality & Religion > Religious Home & Decor,1135
12212,Chowkis,Home & Living > Spirituality & Religion > Religious Home & Decor > Chowkis,1151
1152,Crucifixes & Crosses,Home & Living > Spirituality & Religion > Religious Home & Decor > Crucifixes & Crosses,1151
6099,Nativity Sets,Home & Living > Spirituality & Religion > Religious Home & Decor > Nativity Sets,1151
12234,Prayer Flags,Home & Living > Spirituality & Religion > Religious Home & Decor > Prayer Flags,1151
12227,Puja Pots,Home & Living > Spirituality & Religion > Religious Home & Decor > Puja Pots,1151
12166,Thali & Thali Sets,Home & Living > Spirituality & Religion > Religious Home & Decor > Thali & Thali Sets,1151
12209,Torans,Home & Living > Spirituality & Religion > Religious Home & Decor > Torans,1151
1161,Religious Music,Home & Living > Spirituality & Religion > Religious Music,1135
1163,Religious Statuary,Home & Living > Spirituality & Religion > Religious Statuary,1135
6054,Tarot Readings & Divinations,Home & Living > Spirituality & Religion > Tarot Readings & Divinations,1135
1165,Storage & Organization,Home & Living > Storage & Organization,891
1166,Baskets,Home & Living > Storage & Organization > Baskets,1165
1167,Boxes & Bins,Home & Living > Storage & Organization > Boxes & Bins,1165
1891,Remote Control Caddies,Home & Living > Storage & Organization > Boxes & Bins > Remote Control Caddies,1167
2856,Tins,Home & Living > Storage & Organization > Boxes & Bins > Tins,1167
1168,Cabinets & Food Storage,Home & Living > Storage & Organization > Cabinets & Food Storage,1165
11502,Diaper Caddies,Home & Living > Storage & Organization > Diaper Caddies,1165
11488,Diaper Stackers,Home & Living > Storage & Organization > Diaper Stackers,1165
1169,Garage Storage,Home & Living > Storage & Organization > Garage Storage,1165
1860,Hangers & Clothing Storage,Home & Living > Storage & Organization > Hangers & Clothing Storage,1165
1170,Hooks & Fixtures,Home & Living > Storage & Organization > Hooks & Fixtures,1165
1171,Ladders,Home & Living > Storage & Organization > Ladders,1165
1172,Laundry Bags & Hampers,Home & Living > Storage & Organization > Laundry Bags & Hampers,1165
2231,Hampers,Home & Living > Storage & Organization > Laundry Bags & Hampers > Hampers,1172
2230,Laundry Bags,Home & Living > Storage & Organization > Laundry Bags & Hampers > Laundry Bags,1172
1173,Outdoor Storage,Home & Living > Storage & Organization > Outdoor Storage,1165
1174,Recycling & Trash,Home & Living > Storage & Organization > Recycling & Trash,1165
1175,Shelving,Home & Living > Storage & Organization > Shelving,1165
12155,Shelves,Home & Living > Storage & Organization > Shelving > Shelves,1175
12151,Shelving Brackets,Home & Living > Storage & Organization > Shelving > Shelving Brackets,1175
1176,Shoe Storage,Home & Living > Storage & Organization > Shoe Storage,1165
1177,Toy Storage,Home & Living > Storage & Organization > Toy Storage,1165
1179,Jewelry,Jewelry,
1181,Body Jewelry,Jewelry > Body Jewelry,1179
1180,Anklets,Jewelry > Body Jewelry > Anklets,1181
1182,Arm Bands,Jewelry > Body Jewelry > Arm Bands,1181
1183,Barbells,Jewelry > Body Jewelry > Barbells,1181
1184,Belly Chains,Jewelry > Body Jewelry > Belly Chains,1181
1185,Belly Rings,Jewelry > Body Jewelry > Belly Rings,1181
1154,Bindis,Jewelry > Body Jewelry > Bindis,1181
1187,Lip Rings,Jewelry > Body Jewelry > Lip Rings,1181
1188,Nipple Jewelry,Jewelry > Body Jewelry > Nipple Jewelry,1181
1189,Nose Rings & Studs,Jewelry > Body Jewelry > Nose Rings & Studs,1181
1190,Pinchers & Spirals,Jewelry > Body Jewelry > Pinchers & Spirals,1181
1191,Shoulder Jewelry,Jewelry > Body Jewelry > Shoulder Jewelry,1181
1192,Toe Rings,Jewelry > Body Jewelry > Toe Rings,1181
1193,Bracelets,Jewelry > Bracelets,1179
1194,Bangles,Jewelry > Bracelets > Bangles,1193
12224,Bridal Churas,Jewelry > Bracelets > Bangles > Bridal Churas,1194
12245,Kadas,Jewelry > Bracelets > Bangles > Kadas,1194
12241,Kaleeras,Jewelry > Bracelets > Bangles > Kaleeras,1194
1195,Beaded Bracelets,Jewelry > Bracelets > Beaded Bracelets,1193
1196,Chain & Link Bracelets,Jewelry > Bracelets > Chain & Link Bracelets,1193
1197,Charm Bracelets,Jewelry > Bracelets > Charm Bracelets,1193
1198,Cuff Bracelets,Jewelry > Bracelets > Cuff Bracelets,1193
12167,Hand Chains,Jewelry > Bracelets > Hand Chains,1193
1199,ID & Medical Bracelets,Jewelry > Bracelets > ID & Medical Bracelets,1193
1200,Woven & Braided Bracelets,Jewelry > Bracelets > Woven & Braided Bracelets,1193
2929,Friendship Bracelets,Jewelry > Bracelets > Woven & Braided Bracelets > Friendship Bracelets,1200
12242,Rakhis,Jewelry > Bracelets > Woven & Braided Bracelets > Rakhis,1200
10842,Cremation & Memorial Jewelry,Jewelry > Cremation & Memorial Jewelry,1179
1203,Earrings,Jewelry > Earrings,1179
1204,Chandelier Earrings,Jewelry > Earrings > Chandelier Earrings,1203
1205,Clip-On Earrings,Jewelry > Earrings > Clip-On Earrings,1203
1206,Cluster Earrings,Jewelry > Earrings > Cluster Earrings,1203
1207,Cuff & Wrap Earrings,Jewelry > Earrings > Cuff & Wrap Earrings,1203
1208,Dangle & Drop Earrings,Jewelry > Earrings > Dangle & Drop Earrings,1203
12186,Chandbalis,Jewelry > Earrings > Dangle & Drop Earrings > Chandbalis,1208
12185,Jhumkas,Jewelry > Earrings > Dangle & Drop Earrings > Jhumkas,1208
2900,Ear Jackets & Climbers,Jewelry > Earrings > Ear Jackets & Climbers,1203
2901,Ear Climbers,Jewelry > Earrings > Ear Jackets & Climbers > Ear Climbers,2900
2211,Ear Jackets,Jewelry > Earrings > Ear Jackets & Climbers > Ear Jackets,2900
1210,Ear Weights,Jewelry > Earrings > Ear Weights,1203
1211,Gauge & Plug Earrings,Jewelry > Earrings > Gauge & Plug Earrings,1203
1212,Hoop Earrings,Jewelry > Earrings > Hoop Earrings,1203
12223,Kaan Chains,Jewelry > Earrings > Kaan Chains,1203
1213,Screw Back Earrings,Jewelry > Earrings > Screw Back Earrings,1203
1214,Stud Earrings,Jewelry > Earrings > Stud Earrings,1203
1215,Threader Earrings,Jewelry > Earrings > Threader Earrings,1203
2115,Jewelry Sets,Jewelry > Jewelry Sets,1179
1216,Jewelry Storage,Jewelry > Jewelry Storage,1179
6102,Jewelry Boxes,Jewelry > Jewelry Storage > Jewelry Boxes,1216
6104,Ring Dishes,Jewelry > Jewelry Storage > Ring Dishes,1216
6103,Ring Trees,Jewelry > Jewelry Storage > Ring Trees,1216
1217,Necklaces,Jewelry > Necklaces,1179
1218,Beaded Necklaces,Jewelry > Necklaces > Beaded Necklaces,1217
1219,Bib Necklaces,Jewelry > Necklaces > Bib Necklaces,1217
1220,Cameo Necklaces,Jewelry > Necklaces > Cameo Necklaces,1217
1221,Chains,Jewelry > Necklaces > Chains,1217
1222,Charm Necklaces,Jewelry > Necklaces > Charm Necklaces,1217
1223,Choker Necklaces,Jewelry > Necklaces > Choker Necklaces,1217
1224,Crystal Necklaces,Jewelry > Necklaces > Crystal Necklaces,1217
1225,Lariat & Y Necklaces,Jewelry > Necklaces > Lariat & Y Necklaces,1217
1226,Lockets,Jewelry > Necklaces > Lockets,1217
12218,Mangalsutras,Jewelry > Necklaces > Mangalsutras,1217
1227,Monogram & Name Necklaces,Jewelry > Necklaces > Monogram & Name Necklaces,1217
1228,Multi-Strand Necklaces,Jewelry > Necklaces > Multi-Strand Necklaces,1217
1229,Pendant Necklaces,Jewelry > Necklaces > Pendant Necklaces,1217
12217,Rani Haar,Jewelry > Necklaces > Rani Haar,1217
1230,Tassel Necklaces,Jewelry > Necklaces > Tassel Necklaces,1217
1231,Rings,Jewelry > Rings,1179
1232,Bands,Jewelry > Rings > Bands,1231
1233,Fraternal & Class Rings,Jewelry > Rings > Fraternal & Class Rings,1231
1234,Midi Rings,Jewelry > Rings > Midi Rings,1231
1236,Multi-Stone Rings,Jewelry > Rings > Multi-Stone Rings,1231
1237,Ring Guards & Spacers,Jewelry > Rings > Ring Guards & Spacers,1231
2152,Signet Rings,Jewelry > Rings > Signet Rings,1231
1238,Solitaire Rings,Jewelry > Rings > Solitaire Rings,1231
1239,Stackable Rings,Jewelry > Rings > Stackable Rings,1231
1240,Statement Rings,Jewelry > Rings > Statement Rings,1231
1235,Triplet & Double Rings,Jewelry > Rings > Triplet & Double Rings,1231
1241,Wedding & Engagement,Jewelry > Rings > Wedding & Engagement,1231
1242,Anniversary Rings,Jewelry > Rings > Wedding & Engagement > Anniversary Rings,1241
1243,Bridal Sets,Jewelry > Rings > Wedding & Engagement > Bridal Sets,1241
1244,Claddagh Rings,Jewelry > Rings > Wedding & Engagement > Claddagh Rings,1241
1245,Engagement Rings,Jewelry > Rings > Wedding & Engagement > Engagement Rings,1241
1246,Promise Rings,Jewelry > Rings > Wedding & Engagement > Promise Rings,1241
1247,Wedding Bands,Jewelry > Rings > Wedding & Engagement > Wedding Bands,1241
6110,Smart Jewelry,Jewelry > Smart Jewelry,1179
1249,Watches,Jewelry > Watches,1179
2830,Pocket Watches,Jewelry > Watches > Pocket Watches,1249
6077,Watch Bands & Straps,Jewelry > Watches > Watch Bands & Straps,1249
2917,Watch Necklaces,Jewelry > Watches > Watch Necklaces,1249
2918,Watch Rings,Jewelry > Watches > Watch Rings,1249
2831,Wrist Watches,Jewelry > Watches > Wrist Watches,1249
6074,Men's Wrist Watches,Jewelry > Watches > Wrist Watches > Men's Wrist Watches,2831
6076,Unisex Wrist Watches,Jewelry > Watches > Wrist Watches > Unisex Wrist Watches,2831
6075,Women's Wrist Watches,Jewelry > Watches > Wrist Watches > Women's Wrist Watches,2831
1250,Paper & Party Supplies,Paper & Party Supplies,
1251,Paper,Paper & Party Supplies > Paper,1250
354,Calendars & Planners,Paper & Party Supplies > Paper > Calendars & Planners,1251
6098,Advent Calendars,Paper & Party Supplies > Paper > Calendars & Planners > Advent Calendars,354
12426,Desk Calendars,Paper & Party Supplies > Paper > Calendars & Planners > Desk Calendars,354
12427,Pocket Calendars,Paper & Party Supplies > Paper > Calendars & Planners > Pocket Calendars,354
12428,Wall Calendars,Paper & Party Supplies > Paper > Calendars & Planners > Wall Calendars,354
1254,Gift Wrapping,Paper & Party Supplies > Paper > Gift Wrapping,1251
1255,Bows & Ribbon,Paper & Party Supplies > Paper > Gift Wrapping > Bows & Ribbon,1254
2173,Bows,Paper & Party Supplies > Paper > Gift Wrapping > Bows & Ribbon > Bows,1255
2174,Ribbon,Paper & Party Supplies > Paper > Gift Wrapping > Bows & Ribbon > Ribbon,1255
9183,Candy Wrappers,Paper & Party Supplies > Paper > Gift Wrapping > Candy Wrappers,1254
1257,Gift Boxes,Paper & Party Supplies > Paper > Gift Wrapping > Gift Boxes,1254
6607,Party & Gift Bags,Paper & Party Supplies > Paper > Gift Wrapping > Party & Gift Bags,1254
6852,Gift Bags,Paper & Party Supplies > Paper > Gift Wrapping > Party & Gift Bags > Gift Bags,6607
6853,Merchandise Bags,Paper & Party Supplies > Paper > Gift Wrapping > Party & Gift Bags > Merchandise Bags,6607
6851,Party Favor Bags,Paper & Party Supplies > Paper > Gift Wrapping > Party & Gift Bags > Party Favor Bags,6607
1258,Tissue Paper,Paper & Party Supplies > Paper > Gift Wrapping > Tissue Paper,1254
1259,Washi Tape,Paper & Party Supplies > Paper > Gift Wrapping > Washi Tape,1254
1260,Wrapping Paper & Furoshiki,Paper & Party Supplies > Paper > Gift Wrapping > Wrapping Paper & Furoshiki,1254
6605,Furoshiki,Paper & Party Supplies > Paper > Gift Wrapping > Wrapping Paper & Furoshiki > Furoshiki,1260
6604,Gift Wrap,Paper & Party Supplies > Paper > Gift Wrapping > Wrapping Paper & Furoshiki > Gift Wrap,1260
1261,Greeting Cards,Paper & Party Supplies > Paper > Greeting Cards,1251
1262,Anniversary Cards,Paper & Party Supplies > Paper > Greeting Cards > Anniversary Cards,1261
1263,Baby & Expecting Cards,Paper & Party Supplies > Paper > Greeting Cards > Baby & Expecting Cards,1261
1264,Birthday Cards,Paper & Party Supplies > Paper > Greeting Cards > Birthday Cards,1261
1265,Blank Cards,Paper & Party Supplies > Paper > Greeting Cards > Blank Cards,1261
1266,Congratulations Cards,Paper & Party Supplies > Paper > Greeting Cards > Congratulations Cards,1261
1267,Encouragement Cards,Paper & Party Supplies > Paper > Greeting Cards > Encouragement Cards,1261
1268,Friendship Cards,Paper & Party Supplies > Paper > Greeting Cards > Friendship Cards,1261
1269,Get Well Cards,Paper & Party Supplies > Paper > Greeting Cards > Get Well Cards,1261
1270,Good Luck Cards,Paper & Party Supplies > Paper > Greeting Cards > Good Luck Cards,1261
1271,Graduation & School Cards,Paper & Party Supplies > Paper > Greeting Cards > Graduation & School Cards,1261
1272,Holiday & Seasonal Cards,Paper & Party Supplies > Paper > Greeting Cards > Holiday & Seasonal Cards,1261
1273,Christmas Cards,Paper & Party Supplies > Paper > Greeting Cards > Holiday & Seasonal Cards > Christmas Cards,1272
1274,Easter Cards,Paper & Party Supplies > Paper > Greeting Cards > Holiday & Seasonal Cards > Easter Cards,1272
1275,Hanukkah Cards,Paper & Party Supplies > Paper > Greeting Cards > Holiday & Seasonal Cards > Hanukkah Cards,1272
1276,Patriotism & Independence Cards,Paper & Party Supplies > Paper > Greeting Cards > Holiday & Seasonal Cards > Patriotism & Independence Cards,1272
1277,Religious Events Cards,Paper & Party Supplies > Paper > Greeting Cards > Holiday & Seasonal Cards > Religious Events Cards,1272
1278,Thanksgiving Cards,Paper & Party Supplies > Paper > Greeting Cards > Holiday & Seasonal Cards > Thanksgiving Cards,1272
1279,Valentines Cards,Paper & Party Supplies > Paper > Greeting Cards > Holiday & Seasonal Cards > Valentines Cards,1272
1280,Just Because Cards,Paper & Party Supplies > Paper > Greeting Cards > Just Because Cards,1261
1281,Love Cards,Paper & Party Supplies > Paper > Greeting Cards > Love Cards,1261
1282,Miss You Cards,Paper & Party Supplies > Paper > Greeting Cards > Miss You Cards,1261
1283,Moving Cards,Paper & Party Supplies > Paper > Greeting Cards > Moving Cards,1261
1284,Sorry Cards,Paper & Party Supplies > Paper > Greeting Cards > Sorry Cards,1261
1285,Sympathy Cards,Paper & Party Supplies > Paper > Greeting Cards > Sympathy Cards,1261
1286,Thank You Cards,Paper & Party Supplies > Paper > Greeting Cards > Thank You Cards,1261
1287,Thinking Of You Cards,Paper & Party Supplies > Paper > Greeting Cards > Thinking Of You Cards,1261
1288,Wedding & Engagement Cards,Paper & Party Supplies > Paper > Greeting Cards > Wedding & Engagement Cards,1261
2178,Engagement Cards,Paper & Party Supplies > Paper > Greeting Cards > Wedding & Engagement Cards > Engagement Cards,1288
2177,Wedding Cards,Paper & Party Supplies > Paper > Greeting Cards > Wedding & Engagement Cards > Wedding Cards,1288
2179,Wedding Shower Cards,Paper & Party Supplies > Paper > Greeting Cards > Wedding & Engagement Cards > Wedding Shower Cards,1288
1289,Invitations & Announcements,Paper & Party Supplies > Paper > Invitations & Announcements,1251
1290,Announcements,Paper & Party Supplies > Paper > Invitations & Announcements > Announcements,1289
1291,Invitation Kits,Paper & Party Supplies > Paper > Invitations & Announcements > Invitation Kits,1289
1294,Invitation Templates,Paper & Party Supplies > Paper > Invitations & Announcements > Invitation Templates,1289
1292,Invitations,Paper & Party Supplies > Paper > Invitations & Announcements > Invitations,1289
1293,Save The Dates,Paper & Party Supplies > Paper > Invitations & Announcements > Save The Dates,1289
6339,Mailers & Mailing,Paper & Party Supplies > Paper > Mailers & Mailing,1251
6602,Bubble & Padded Mailers,Paper & Party Supplies > Paper > Mailers & Mailing > Bubble & Padded Mailers,6339
6603,Cushioning,Paper & Party Supplies > Paper > Mailers & Mailing > Cushioning,6339
6845,Bubble Wrap,Paper & Party Supplies > Paper > Mailers & Mailing > Cushioning > Bubble Wrap,6603
6847,Stuffing & Shredded Packaging,Paper & Party Supplies > Paper > Mailers & Mailing > Cushioning > Stuffing & Shredded Packaging,6603
6599,Envelopes,Paper & Party Supplies > Paper > Mailers & Mailing > Envelopes,6339
6600,Mailing Boxes,Paper & Party Supplies > Paper > Mailers & Mailing > Mailing Boxes,6339
6601,Mailing Tubes,Paper & Party Supplies > Paper > Mailers & Mailing > Mailing Tubes,6339
1295,Origami,Paper & Party Supplies > Paper > Origami,1251
1296,Finished Origami,Paper & Party Supplies > Paper > Origami > Finished Origami,1295
1299,Paper Flowers,Paper & Party Supplies > Paper > Origami > Paper Flowers,1295
1303,Stationery,Paper & Party Supplies > Paper > Stationery,1251
1304,Business & Calling Cards,Paper & Party Supplies > Paper > Stationery > Business & Calling Cards,1303
1305,Design & Templates,Paper & Party Supplies > Paper > Stationery > Design & Templates,1303
12472,Flashcards,Paper & Party Supplies > Paper > Stationery > Design & Templates > Flashcards,1305
1875,Graphic Design,Paper & Party Supplies > Paper > Stationery > Design & Templates > Graphic Design,1305
1878,Letterhead Designs,Paper & Party Supplies > Paper > Stationery > Design & Templates > Graphic Design > Letterhead Designs,1875
1877,Logos & Branding,Paper & Party Supplies > Paper > Stationery > Design & Templates > Graphic Design > Logos & Branding,1875
769,Store Graphics,Paper & Party Supplies > Paper > Stationery > Design & Templates > Graphic Design > Store Graphics,1875
12474,Study Guides,Paper & Party Supplies > Paper > Stationery > Design & Templates > Study Guides,1305
1874,Templates,Paper & Party Supplies > Paper > Stationery > Design & Templates > Templates,1305
12478,Bookkeeping Templates,Paper & Party Supplies > Paper > Stationery > Design & Templates > Templates > Bookkeeping Templates,1874
12479,Chore Chart Templates,Paper & Party Supplies > Paper > Stationery > Design & Templates > Templates > Chore Chart Templates,1874
12480,Contract & Agreement Templates,Paper & Party Supplies > Paper > Stationery > Design & Templates > Templates > Contract & Agreement Templates,1874
12481,Event Program Templates,Paper & Party Supplies > Paper > Stationery > Design & Templates > Templates > Event Program Templates,1874
12482,Gift Tag Templates,Paper & Party Supplies > Paper > Stationery > Design & Templates > Templates > Gift Tag Templates,1874
12483,Greeting Card Templates,Paper & Party Supplies > Paper > Stationery > Design & Templates > Templates > Greeting Card Templates,1874
12475,Journal Templates,Paper & Party Supplies > Paper > Stationery > Design & Templates > Templates > Journal Templates,1874
12484,Menu Templates,Paper & Party Supplies > Paper > Stationery > Design & Templates > Templates > Menu Templates,1874
12485,Newsletter Templates,Paper & Party Supplies > Paper > Stationery > Design & Templates > Templates > Newsletter Templates,1874
12487,Personal Finance Templates,Paper & Party Supplies > Paper > Stationery > Design & Templates > Templates > Personal Finance Templates,1874
12476,Planner Templates,Paper & Party Supplies > Paper > Stationery > Design & Templates > Templates > Planner Templates,1874
1876,Résumé Templates,Paper & Party Supplies > Paper > Stationery > Design & Templates > Templates > Résumé Templates,1874
12486,Social Media Templates,Paper & Party Supplies > Paper > Stationery > Design & Templates > Templates > Social Media Templates,1874
2818,Website Templates,Paper & Party Supplies > Paper > Stationery > Design & Templates > Templates > Website Templates,1874
12471,Worksheets,Paper & Party Supplies > Paper > Stationery > Design & Templates > Worksheets,1305
1308,Folders,Paper & Party Supplies > Paper > Stationery > Folders,1303
1309,Lists,Paper & Party Supplies > Paper > Stationery > Lists,1303
1310,Note Cards,Paper & Party Supplies > Paper > Stationery > Note Cards,1303
1311,Notepads,Paper & Party Supplies > Paper > Stationery > Notepads,1303
1312,Postcards,Paper & Party Supplies > Paper > Stationery > Postcards,1303
1313,Programs,Paper & Party Supplies > Paper > Stationery > Programs,1303
1314,Recipe Cards,Paper & Party Supplies > Paper > Stationery > Recipe Cards,1303
1315,Stationery Sets,Paper & Party Supplies > Paper > Stationery > Stationery Sets,1303
1316,Writing Paper,Paper & Party Supplies > Paper > Stationery > Writing Paper,1303
1317,"Stickers, Labels & Tags","Paper & Party Supplies > Paper > Stickers, Labels & Tags",1251
1318,Address & Shipping Labels,"Paper & Party Supplies > Paper > Stickers, Labels & Tags > Address & Shipping Labels",1317
1319,Bumper Stickers,"Paper & Party Supplies > Paper > Stickers, Labels & Tags > Bumper Stickers",1317
1320,Clings,"Paper & Party Supplies > Paper > Stickers, Labels & Tags > Clings",1317
6616,Label Makers,"Paper & Party Supplies > Paper > Stickers, Labels & Tags > Label Makers",1317
1322,Labels,"Paper & Party Supplies > Paper > Stickers, Labels & Tags > Labels",1317
1326,Stickers,"Paper & Party Supplies > Paper > Stickers, Labels & Tags > Stickers",1317
1327,Tags,"Paper & Party Supplies > Paper > Stickers, Labels & Tags > Tags",1317
1330,Party Supplies,Paper & Party Supplies > Party Supplies,1250
1331,Party Decor,Paper & Party Supplies > Party Supplies > Party Decor,1330
1332,Backdrops & Props,Paper & Party Supplies > Party Supplies > Party Decor > Backdrops & Props,1331
1333,Balloons,Paper & Party Supplies > Party Supplies > Party Decor > Balloons,1331
1334,Banners & Signs,Paper & Party Supplies > Party Supplies > Party Decor > Banners & Signs,1331
1336,Centerpieces,Paper & Party Supplies > Party Supplies > Party Decor > Centerpieces,1331
1337,Confetti,Paper & Party Supplies > Party Supplies > Party Decor > Confetti,1331
12438,Diaper Cakes,Paper & Party Supplies > Party Supplies > Party Decor > Diaper Cakes,1331
1339,"Garlands, Flags & Bunting","Paper & Party Supplies > Party Supplies > Party Decor > Garlands, Flags & Bunting",1331
1340,Guest Books,Paper & Party Supplies > Party Supplies > Party Decor > Guest Books,1331
6122,Paper Fans,Paper & Party Supplies > Party Supplies > Party Decor > Paper Fans,1331
6611,Party Candles,Paper & Party Supplies > Party Supplies > Party Decor > Party Candles,1331
1341,Party Hats & Crowns,Paper & Party Supplies > Party Supplies > Party Decor > Party Hats & Crowns,1331
1342,Party Lights & Lanterns,Paper & Party Supplies > Party Supplies > Party Decor > Party Lights & Lanterns,1331
1343,Piñatas,Paper & Party Supplies > Party Supplies > Party Decor > Piñatas,1331
1344,Place Cards & Holders,Paper & Party Supplies > Party Supplies > Party Decor > Place Cards & Holders,1331
2103,Place Card Holders,Paper & Party Supplies > Party Supplies > Party Decor > Place Cards & Holders > Place Card Holders,1344
2102,Place Cards,Paper & Party Supplies > Party Supplies > Party Decor > Place Cards & Holders > Place Cards,1344
1346,Tableware,Paper & Party Supplies > Party Supplies > Party Decor > Tableware,1331
6854,Cups,Paper & Party Supplies > Party Supplies > Party Decor > Tableware > Cups,1346
6856,Cutlery,Paper & Party Supplies > Party Supplies > Party Decor > Tableware > Cutlery,1346
6858,Napkins,Paper & Party Supplies > Party Supplies > Party Decor > Tableware > Napkins,1346
6855,Plates,Paper & Party Supplies > Party Supplies > Party Decor > Tableware > Plates,1346
6859,Runners & Tablecloths,Paper & Party Supplies > Party Supplies > Party Decor > Tableware > Runners & Tablecloths,1346
1345,Straws,Paper & Party Supplies > Party Supplies > Party Decor > Tableware > Straws,1346
1347,Party Favors & Games,Paper & Party Supplies > Party Supplies > Party Favors & Games,1330
1348,Favor Bags & Containers,Paper & Party Supplies > Party Supplies > Party Favors & Games > Favor Bags & Containers,1347
1349,Party Favors,Paper & Party Supplies > Party Supplies > Party Favors & Games > Party Favors,1347
1350,Party Games,Paper & Party Supplies > Party Supplies > Party Favors & Games > Party Games,1347
1351,Pet Supplies,Pet Supplies,
1352,Beekeeping,Pet Supplies > Beekeeping,1351
1353,Pet Bedding,Pet Supplies > Pet Bedding,1351
1354,Liners,Pet Supplies > Pet Bedding > Liners,1353
1355,Nesting Supplies,Pet Supplies > Pet Bedding > Nesting Supplies,1353
1356,Pet Blankets,Pet Supplies > Pet Bedding > Pet Blankets,1353
1357,Pet Mats & Pads,Pet Supplies > Pet Bedding > Pet Mats & Pads,1353
1358,Pet Carriers & Houses,Pet Supplies > Pet Carriers & Houses,1351
1360,Aquariums & Tank Decor,Pet Supplies > Pet Carriers & Houses > Aquariums & Tank Decor,1358
1361,Bird Cages,Pet Supplies > Pet Carriers & Houses > Bird Cages,1358
1362,Coops,Pet Supplies > Pet Carriers & Houses > Coops,1358
1363,Nests & Bags,Pet Supplies > Pet Carriers & Houses > Nests & Bags,1358
1364,Pet Crates & Kennels,Pet Supplies > Pet Carriers & Houses > Pet Crates & Kennels,1358
1365,Pet Houses,Pet Supplies > Pet Carriers & Houses > Pet Houses,1358
1366,Pet Slings,Pet Supplies > Pet Carriers & Houses > Pet Slings,1358
1367,Pet Totes,Pet Supplies > Pet Carriers & Houses > Pet Totes,1358
1368,"Pet Clothing, Accessories & Shoes","Pet Supplies > Pet Clothing, Accessories & Shoes",1351
1369,Pet Accessories,"Pet Supplies > Pet Clothing, Accessories & Shoes > Pet Accessories",1368
1370,Pet Bows & Hair Accessories,"Pet Supplies > Pet Clothing, Accessories & Shoes > Pet Accessories > Pet Bows & Hair Accessories",1369
1371,Pet Charms & Bells,"Pet Supplies > Pet Clothing, Accessories & Shoes > Pet Accessories > Pet Charms & Bells",1369
1373,Pet Neckwear,"Pet Supplies > Pet Clothing, Accessories & Shoes > Pet Accessories > Pet Neckwear",1369
1372,Pet Sunglasses,"Pet Supplies > Pet Clothing, Accessories & Shoes > Pet Accessories > Pet Sunglasses",1369
1374,Pet Clothing,"Pet Supplies > Pet Clothing, Accessories & Shoes > Pet Clothing",1368
1375,Pet Bottoms,"Pet Supplies > Pet Clothing, Accessories & Shoes > Pet Clothing > Pet Bottoms",1374
1376,Pet Costumes,"Pet Supplies > Pet Clothing, Accessories & Shoes > Pet Clothing > Pet Costumes",1374
1377,Pet Diapers & Belly Bands,"Pet Supplies > Pet Clothing, Accessories & Shoes > Pet Clothing > Pet Diapers & Belly Bands",1374
1378,Pet Dresses,"Pet Supplies > Pet Clothing, Accessories & Shoes > Pet Clothing > Pet Dresses",1374
1379,Pet Hats & Wigs,"Pet Supplies > Pet Clothing, Accessories & Shoes > Pet Clothing > Pet Hats & Wigs",1374
1380,Pet Jackets & Hoodies,"Pet Supplies > Pet Clothing, Accessories & Shoes > Pet Clothing > Pet Jackets & Hoodies",1374
1382,Pet Tops,"Pet Supplies > Pet Clothing, Accessories & Shoes > Pet Clothing > Pet Tops",1374
1381,Pet Shoes & Booties,"Pet Supplies > Pet Clothing, Accessories & Shoes > Pet Shoes & Booties",1368
2229,Pet Booties,"Pet Supplies > Pet Clothing, Accessories & Shoes > Pet Shoes & Booties > Pet Booties",1381
2228,Pet Shoes,"Pet Supplies > Pet Clothing, Accessories & Shoes > Pet Shoes & Booties > Pet Shoes",1381
1383,Pet Collars & Leashes,Pet Supplies > Pet Collars & Leashes,1351
11286,Pet Collar & Leash Sets,Pet Supplies > Pet Collars & Leashes > Pet Collar & Leash Sets,1383
1384,Pet Collars,Pet Supplies > Pet Collars & Leashes > Pet Collars,1383
1385,Pet Harnesses & Backpacks,Pet Supplies > Pet Collars & Leashes > Pet Harnesses & Backpacks,1383
1386,Pet ID Tags,Pet Supplies > Pet Collars & Leashes > Pet ID Tags,1383
1387,Pet Leashes,Pet Supplies > Pet Collars & Leashes > Pet Leashes,1383
1388,Pet Feeding,Pet Supplies > Pet Feeding,1351
1389,Feeding Stands,Pet Supplies > Pet Feeding > Feeding Stands,1388
1390,Pet Bowls,Pet Supplies > Pet Feeding > Pet Bowls,1388
1391,Pet Feeders & Waterers,Pet Supplies > Pet Feeding > Pet Feeders & Waterers,1388
1746,Pet Food & Treats,Pet Supplies > Pet Feeding > Pet Food & Treats,1388
1393,Placemats,Pet Supplies > Pet Feeding > Placemats,1388
1394,Pet Furniture,Pet Supplies > Pet Furniture,1351
1395,Cage Stands,Pet Supplies > Pet Furniture > Cage Stands,1394
1396,Pet Beds & Cots,Pet Supplies > Pet Furniture > Pet Beds & Cots,1394
1397,Pet Hammocks,Pet Supplies > Pet Furniture > Pet Hammocks,1394
1398,Pet Ramps,Pet Supplies > Pet Furniture > Pet Ramps,1394
1399,Pet Steps,Pet Supplies > Pet Furniture > Pet Steps,1394
1400,Play Furniture,Pet Supplies > Pet Furniture > Play Furniture,1394
1401,Pet Gates & Fences,Pet Supplies > Pet Gates & Fences,1351
1402,Pet Health & Wellness,Pet Supplies > Pet Health & Wellness,1351
1403,Deodorizers & Perfumes,Pet Supplies > Pet Health & Wellness > Deodorizers & Perfumes,1402
1404,Pet Dental,Pet Supplies > Pet Health & Wellness > Pet Dental,1402
1405,Pet Grooming,Pet Supplies > Pet Health & Wellness > Pet Grooming,1402
1407,Nail & Claw Care,Pet Supplies > Pet Health & Wellness > Pet Grooming > Nail & Claw Care,1405
1406,Pet Brushes & Combs,Pet Supplies > Pet Health & Wellness > Pet Grooming > Pet Brushes & Combs,1405
1408,Shampoos & Washes,Pet Supplies > Pet Health & Wellness > Pet Grooming > Shampoos & Washes,1405
1409,Pet Pest Control,Pet Supplies > Pet Health & Wellness > Pet Pest Control,1402
1410,Pet Vitamins & Supplements,Pet Supplies > Pet Health & Wellness > Pet Vitamins & Supplements,1402
1411,Pet Waste,Pet Supplies > Pet Health & Wellness > Pet Waste,1402
1412,Bag Holders & Scoops,Pet Supplies > Pet Health & Wellness > Pet Waste > Bag Holders & Scoops,1411
1414,Litter Box Mats & Liners,Pet Supplies > Pet Health & Wellness > Pet Waste > Litter Box Mats & Liners,1411
1413,Litter Boxes,Pet Supplies > Pet Health & Wellness > Pet Waste > Litter Boxes,1411
1415,Pet Storage,Pet Supplies > Pet Storage,1351
1416,Pet Toys,Pet Supplies > Pet Toys,1351
1417,Bird Toys,Pet Supplies > Pet Toys > Bird Toys,1416
1418,Cat Toys,Pet Supplies > Pet Toys > Cat Toys,1416
1419,Dog Toys,Pet Supplies > Pet Toys > Dog Toys,1416
1420,Small Animal Toys,Pet Supplies > Pet Toys > Small Animal Toys,1416
1421,Riding & Farm Animals,Pet Supplies > Riding & Farm Animals,1351
1422,Training,Pet Supplies > Training,1351
1423,Muzzles,Pet Supplies > Training > Muzzles,1422
1424,Training Bells & Whistles,Pet Supplies > Training > Training Bells & Whistles,1422
1425,Urns & Memorials,Pet Supplies > Urns & Memorials,1351
1426,Pet Grave Markers,Pet Supplies > Urns & Memorials > Pet Grave Markers,1425
1427,Pet Memorial Jewelry,Pet Supplies > Urns & Memorials > Pet Memorial Jewelry,1425
2638,Pet Portraits,Pet Supplies > Urns & Memorials > Pet Portraits,1425
1428,Pet Urns,Pet Supplies > Urns & Memorials > Pet Urns,1425
1429,Shoes,Shoes,
1430,Boys' Shoes,Shoes > Boys' Shoes,1429
1431,Booties & Crib Shoes,Shoes > Boys' Shoes > Booties & Crib Shoes,1430
1432,Boots,Shoes > Boys' Shoes > Boots,1430
1433,Clogs & Mules,Shoes > Boys' Shoes > Clogs & Mules,1430
1434,Costume Shoes,Shoes > Boys' Shoes > Costume Shoes,1430
1435,Loafers & Slip Ons,Shoes > Boys' Shoes > Loafers & Slip Ons,1430
1436,Oxfords & Wingtips,Shoes > Boys' Shoes > Oxfords & Wingtips,1430
1437,Sandals,Shoes > Boys' Shoes > Sandals,1430
1438,Slippers,Shoes > Boys' Shoes > Slippers,1430
1439,Sneakers & Athletic Shoes,Shoes > Boys' Shoes > Sneakers & Athletic Shoes,1430
1485,Gender-Neutral Adult Shoes,Shoes > Gender-Neutral Adult Shoes,1429
1486,Boots,Shoes > Gender-Neutral Adult Shoes > Boots,1485
1487,Chukka Boots,Shoes > Gender-Neutral Adult Shoes > Boots > Chukka Boots,1486
1488,Cowboy & Western Boots,Shoes > Gender-Neutral Adult Shoes > Boots > Cowboy & Western Boots,1486
1489,Rain & Snow Boots,Shoes > Gender-Neutral Adult Shoes > Boots > Rain & Snow Boots,1486
1490,Walking & Hiking Boots,Shoes > Gender-Neutral Adult Shoes > Boots > Walking & Hiking Boots,1486
1491,Work & Combat Boots,Shoes > Gender-Neutral Adult Shoes > Boots > Work & Combat Boots,1486
2842,Clogs,Shoes > Gender-Neutral Adult Shoes > Clogs,1485
1492,Sandals,Shoes > Gender-Neutral Adult Shoes > Sandals,1485
1493,Fisherman,Shoes > Gender-Neutral Adult Shoes > Sandals > Fisherman,1492
1494,Flip Flops & Thongs,Shoes > Gender-Neutral Adult Shoes > Sandals > Flip Flops & Thongs,1492
1495,Slides,Shoes > Gender-Neutral Adult Shoes > Sandals > Slides,1492
2241,Skates,Shoes > Gender-Neutral Adult Shoes > Skates,1485
2242,Ice Skates,Shoes > Gender-Neutral Adult Shoes > Skates > Ice Skates,2241
2244,Roller Blades,Shoes > Gender-Neutral Adult Shoes > Skates > Roller Blades,2241
12388,Roller Skate Accessories,Shoes > Gender-Neutral Adult Shoes > Skates > Roller Skate Accessories,2241
12390,Skate Leashes,Shoes > Gender-Neutral Adult Shoes > Skates > Roller Skate Accessories > Skate Leashes,12388
12392,Toe Guards,Shoes > Gender-Neutral Adult Shoes > Skates > Roller Skate Accessories > Toe Guards,12388
2243,Roller Skates,Shoes > Gender-Neutral Adult Shoes > Skates > Roller Skates,2241
2843,Slippers,Shoes > Gender-Neutral Adult Shoes > Slippers,1485
1496,Sneakers & Athletic Shoes,Shoes > Gender-Neutral Adult Shoes > Sneakers & Athletic Shoes,1485
1497,Boat & Water Shoes,Shoes > Gender-Neutral Adult Shoes > Sneakers & Athletic Shoes > Boat & Water Shoes,1496
1498,Golf Shoes & Cleats,Shoes > Gender-Neutral Adult Shoes > Sneakers & Athletic Shoes > Golf Shoes & Cleats,1496
1499,Hi Tops,Shoes > Gender-Neutral Adult Shoes > Sneakers & Athletic Shoes > Hi Tops,1496
1500,Platform & Club Sneakers,Shoes > Gender-Neutral Adult Shoes > Sneakers & Athletic Shoes > Platform & Club Sneakers,1496
1502,Slip Ons,Shoes > Gender-Neutral Adult Shoes > Sneakers & Athletic Shoes > Slip Ons,1496
1503,Tie Sneakers,Shoes > Gender-Neutral Adult Shoes > Sneakers & Athletic Shoes > Tie Sneakers,1496
1504,Gender-Neutral Kids' Shoes,Shoes > Gender-Neutral Kids' Shoes,1429
1505,Booties & Crib Shoes,Shoes > Gender-Neutral Kids' Shoes > Booties & Crib Shoes,1504
1506,Boots,Shoes > Gender-Neutral Kids' Shoes > Boots,1504
1507,Clogs & Mules,Shoes > Gender-Neutral Kids' Shoes > Clogs & Mules,1504
1508,Costume Shoes,Shoes > Gender-Neutral Kids' Shoes > Costume Shoes,1504
1509,Sandals,Shoes > Gender-Neutral Kids' Shoes > Sandals,1504
1510,Slippers,Shoes > Gender-Neutral Kids' Shoes > Slippers,1504
1511,Sneakers & Athletic Shoes,Shoes > Gender-Neutral Kids' Shoes > Sneakers & Athletic Shoes,1504
1440,Girls' Shoes,Shoes > Girls' Shoes,1429
1441,Booties & Crib Shoes,Shoes > Girls' Shoes > Booties & Crib Shoes,1440
1442,Boots,Shoes > Girls' Shoes > Boots,1440
1443,Clogs & Mules,Shoes > Girls' Shoes > Clogs & Mules,1440
1444,Costume Shoes,Shoes > Girls' Shoes > Costume Shoes,1440
1445,Dance Shoes,Shoes > Girls' Shoes > Dance Shoes,1440
1446,Heels,Shoes > Girls' Shoes > Heels,1440
1447,Mary Janes,Shoes > Girls' Shoes > Mary Janes,1440
1448,Sandals,Shoes > Girls' Shoes > Sandals,1440
1449,Slippers,Shoes > Girls' Shoes > Slippers,1440
1450,Sneakers & Athletic Shoes,Shoes > Girls' Shoes > Sneakers & Athletic Shoes,1440
1451,Insoles & Accessories,Shoes > Insoles & Accessories,1429
1452,Insoles,Shoes > Insoles & Accessories > Insoles,1451
1453,Shoe Care & Cleaning,Shoes > Insoles & Accessories > Shoe Care & Cleaning,1451
12615,Shoe Charms,Shoes > Insoles & Accessories > Shoe Charms,1451
1454,Shoe Clips,Shoes > Insoles & Accessories > Shoe Clips,1451
1457,Shoe Trees,Shoes > Insoles & Accessories > Shoe Trees,1451
1455,Shoehorns,Shoes > Insoles & Accessories > Shoehorns,1451
1456,Shoelaces,Shoes > Insoles & Accessories > Shoelaces,1451
1458,Men's Shoes,Shoes > Men's Shoes,1429
1459,Boots,Shoes > Men's Shoes > Boots,1458
1460,Chukka Boots,Shoes > Men's Shoes > Boots > Chukka Boots,1459
1462,Cowboy & Western Boots,Shoes > Men's Shoes > Boots > Cowboy & Western Boots,1459
1463,Dress Boots,Shoes > Men's Shoes > Boots > Dress Boots,1459
1465,Motorcycle Boots,Shoes > Men's Shoes > Boots > Motorcycle Boots,1459
1466,Rain & Snow Boots,Shoes > Men's Shoes > Boots > Rain & Snow Boots,1459
1464,Walking & Hiking Boots,Shoes > Men's Shoes > Boots > Walking & Hiking Boots,1459
1461,Work & Combat Boots,Shoes > Men's Shoes > Boots > Work & Combat Boots,1459
1467,Clogs & Mules,Shoes > Men's Shoes > Clogs & Mules,1458
1468,Costume Shoes,Shoes > Men's Shoes > Costume Shoes,1458
12230,Juttis & Mojaris,Shoes > Men's Shoes > Juttis & Mojaris,1458
1469,Loafers & Slip Ons,Shoes > Men's Shoes > Loafers & Slip Ons,1458
1470,Oxfords & Wingtips,Shoes > Men's Shoes > Oxfords & Wingtips,1458
1471,Sandals,Shoes > Men's Shoes > Sandals,1458
1472,Fisherman,Shoes > Men's Shoes > Sandals > Fisherman,1471
1473,Flip Flops & Thongs,Shoes > Men's Shoes > Sandals > Flip Flops & Thongs,1471
1474,Slides,Shoes > Men's Shoes > Sandals > Slides,1471
1475,Sport Sandals,Shoes > Men's Shoes > Sandals > Sport Sandals,1471
1476,Slippers,Shoes > Men's Shoes > Slippers,1458
1477,Sneakers & Athletic Shoes,Shoes > Men's Shoes > Sneakers & Athletic Shoes,1458
1478,Boat & Water Shoes,Shoes > Men's Shoes > Sneakers & Athletic Shoes > Boat & Water Shoes,1477
1479,Golf Shoes & Cleats,Shoes > Men's Shoes > Sneakers & Athletic Shoes > Golf Shoes & Cleats,1477
1480,Hi Tops,Shoes > Men's Shoes > Sneakers & Athletic Shoes > Hi Tops,1477
1481,Platform & Club Sneakers,Shoes > Men's Shoes > Sneakers & Athletic Shoes > Platform & Club Sneakers,1477
1482,Skates,Shoes > Men's Shoes > Sneakers & Athletic Shoes > Skates,1477
1989,Ice Skates,Shoes > Men's Shoes > Sneakers & Athletic Shoes > Skates > Ice Skates,1482
1991,Roller Blades,Shoes > Men's Shoes > Sneakers & Athletic Shoes > Skates > Roller Blades,1482
1990,Roller Skates,Shoes > Men's Shoes > Sneakers & Athletic Shoes > Skates > Roller Skates,1482
1483,Slip Ons,Shoes > Men's Shoes > Sneakers & Athletic Shoes > Slip Ons,1477
1484,Tie Sneakers,Shoes > Men's Shoes > Sneakers & Athletic Shoes > Tie Sneakers,1477
1512,Women's Shoes,Shoes > Women's Shoes,1429
1513,Boots,Shoes > Women's Shoes > Boots,1512
1514,Booties & Ankle Boots,Shoes > Women's Shoes > Boots > Booties & Ankle Boots,1513
1515,Chukka Boots,Shoes > Women's Shoes > Boots > Chukka Boots,1513
1516,Cowboy & Western Boots,Shoes > Women's Shoes > Boots > Cowboy & Western Boots,1513
1517,Rain & Snow Boots,Shoes > Women's Shoes > Boots > Rain & Snow Boots,1513
1812,Rain Boots,Shoes > Women's Shoes > Boots > Rain & Snow Boots > Rain Boots,1517
1813,Winter Boots,Shoes > Women's Shoes > Boots > Rain & Snow Boots > Winter Boots,1517
1518,Riding Boots,Shoes > Women's Shoes > Boots > Riding Boots,1513
1519,Slouch Boots,Shoes > Women's Shoes > Boots > Slouch Boots,1513
1520,Walking & Hiking Boots,Shoes > Women's Shoes > Boots > Walking & Hiking Boots,1513
1521,Work & Combat Boots,Shoes > Women's Shoes > Boots > Work & Combat Boots,1513
1522,Clogs & Mules,Shoes > Women's Shoes > Clogs & Mules,1512
1810,Clogs,Shoes > Women's Shoes > Clogs & Mules > Clogs,1522
1811,Mules,Shoes > Women's Shoes > Clogs & Mules > Mules,1522
1523,Costume Shoes,Shoes > Women's Shoes > Costume Shoes,1512
1524,Mary Janes,Shoes > Women's Shoes > Mary Janes,1512
1525,Oxfords & Tie Shoes,Shoes > Women's Shoes > Oxfords & Tie Shoes,1512
1526,Pumps,Shoes > Women's Shoes > Pumps,1512
1527,Sandals,Shoes > Women's Shoes > Sandals,1512
1528,Barefoot Sandals,Shoes > Women's Shoes > Sandals > Barefoot Sandals,1527
1529,Espadrilles & Wedges,Shoes > Women's Shoes > Sandals > Espadrilles & Wedges,1527
1530,Fisherman,Shoes > Women's Shoes > Sandals > Fisherman,1527
1531,Flip Flops & Thongs,Shoes > Women's Shoes > Sandals > Flip Flops & Thongs,1527
1532,Gladiator & Strappy Sandals,Shoes > Women's Shoes > Sandals > Gladiator & Strappy Sandals,1527
1533,Huaraches,Shoes > Women's Shoes > Sandals > Huaraches,1527
1534,Slingbacks & Slides,Shoes > Women's Shoes > Sandals > Slingbacks & Slides,1527
1535,T-strap Sandals,Shoes > Women's Shoes > Sandals > T-strap Sandals,1527
1536,Slip Ons,Shoes > Women's Shoes > Slip Ons,1512
1537,Ballet Shoes,Shoes > Women's Shoes > Slip Ons > Ballet Shoes,1536
12229,Juttis & Mojaris,Shoes > Women's Shoes > Slip Ons > Juttis & Mojaris,1536
1538,Loafers,Shoes > Women's Shoes > Slip Ons > Loafers,1536
1539,Moccasins,Shoes > Women's Shoes > Slip Ons > Moccasins,1536
1540,Pointed Toe Flats,Shoes > Women's Shoes > Slip Ons > Pointed Toe Flats,1536
1541,Slippers,Shoes > Women's Shoes > Slippers,1512
1542,Sneakers & Athletic Shoes,Shoes > Women's Shoes > Sneakers & Athletic Shoes,1512
1543,Boat & Water Shoes,Shoes > Women's Shoes > Sneakers & Athletic Shoes > Boat & Water Shoes,1542
1544,Bowling Shoes,Shoes > Women's Shoes > Sneakers & Athletic Shoes > Bowling Shoes,1542
1545,Dance Shoes,Shoes > Women's Shoes > Sneakers & Athletic Shoes > Dance Shoes,1542
1546,Golf Shoes & Cleats,Shoes > Women's Shoes > Sneakers & Athletic Shoes > Golf Shoes & Cleats,1542
1547,Hi Tops,Shoes > Women's Shoes > Sneakers & Athletic Shoes > Hi Tops,1542
1548,Platform & Club Sneakers,Shoes > Women's Shoes > Sneakers & Athletic Shoes > Platform & Club Sneakers,1542
1549,Skates,Shoes > Women's Shoes > Sneakers & Athletic Shoes > Skates,1542
2148,Ice Skates,Shoes > Women's Shoes > Sneakers & Athletic Shoes > Skates > Ice Skates,1549
2150,Roller Blades,Shoes > Women's Shoes > Sneakers & Athletic Shoes > Skates > Roller Blades,1549
2149,Roller Skates,Shoes > Women's Shoes > Sneakers & Athletic Shoes > Skates > Roller Skates,1549
1550,Slip Ons,Shoes > Women's Shoes > Sneakers & Athletic Shoes > Slip Ons,1542
1551,Tie Sneakers,Shoes > Women's Shoes > Sneakers & Athletic Shoes > Tie Sneakers,1542
1552,Toys & Games,Toys & Games,
1553,Games & Puzzles,Toys & Games > Games & Puzzles,1552
1554,Board Games,Toys & Games > Games & Puzzles > Board Games,1553
2392,Bingo,Toys & Games > Games & Puzzles > Board Games > Bingo,1554
2388,Checkers,Toys & Games > Games & Puzzles > Board Games > Checkers,1554
2389,Chess,Toys & Games > Games & Puzzles > Board Games > Chess,1554
2391,Chinese Checkers,Toys & Games > Games & Puzzles > Board Games > Chinese Checkers,1554
2390,Go,Toys & Games > Games & Puzzles > Board Games > Go,1554
1555,Card Games,Toys & Games > Games & Puzzles > Card Games,1553
2349,Cribbage,Toys & Games > Games & Puzzles > Card Games > Cribbage,1555
2348,Poker,Toys & Games > Games & Puzzles > Card Games > Poker,1555
2386,Standard Card Decks,Toys & Games > Games & Puzzles > Card Games > Standard Card Decks,1555
2385,Trading Card Games,Toys & Games > Games & Puzzles > Card Games > Trading Card Games,1555
1556,Dice & Tile Games,Toys & Games > Games & Puzzles > Dice & Tile Games,1553
2350,Dice,Toys & Games > Games & Puzzles > Dice & Tile Games > Dice,1556
2351,Dice Games,Toys & Games > Games & Puzzles > Dice & Tile Games > Dice Games,1556
2352,Tile Games,Toys & Games > Games & Puzzles > Dice & Tile Games > Tile Games,1556
2393,Dominoes,Toys & Games > Games & Puzzles > Dice & Tile Games > Tile Games > Dominoes,2352
2387,Mahjong,Toys & Games > Games & Puzzles > Dice & Tile Games > Tile Games > Mahjong,2352
2151,Game Pieces,Toys & Games > Games & Puzzles > Game Pieces,1553
1557,Game Room,Toys & Games > Games & Puzzles > Game Room,1553
12627,Darts,Toys & Games > Games & Puzzles > Game Room > Darts,1557
12614,Pinball,Toys & Games > Games & Puzzles > Game Room > Pinball,1557
2383,Pool & Billiards,Toys & Games > Games & Puzzles > Game Room > Pool & Billiards,1557
1558,Marbles,Toys & Games > Games & Puzzles > Marbles,1553
1559,Puzzles,Toys & Games > Games & Puzzles > Puzzles,1553
12620,3D Puzzles,Toys & Games > Games & Puzzles > Puzzles > 3D Puzzles,1559
2353,Jigsaw Puzzles,Toys & Games > Games & Puzzles > Puzzles > Jigsaw Puzzles,1559
12622,Name Puzzles,Toys & Games > Games & Puzzles > Puzzles > Name Puzzles,1559
12618,Puzzle Boxes,Toys & Games > Games & Puzzles > Puzzles > Puzzle Boxes,1559
12626,Word & Number Puzzles,Toys & Games > Games & Puzzles > Puzzles > Word & Number Puzzles,1559
2394,Role Playing Games,Toys & Games > Games & Puzzles > Role Playing Games,1553
1560,Sports & Outdoor Recreation,Toys & Games > Sports & Outdoor Recreation,1552
1561,Balls,Toys & Games > Sports & Outdoor Recreation > Balls,1560
1563,Bikes & Cycling,Toys & Games > Sports & Outdoor Recreation > Bikes & Cycling,1560
2356,Bicycles,Toys & Games > Sports & Outdoor Recreation > Bikes & Cycling > Bicycles,1563
2357,Bike Parts,Toys & Games > Sports & Outdoor Recreation > Bikes & Cycling > Bike Parts,1563
2364,Cycling Accessories,Toys & Games > Sports & Outdoor Recreation > Bikes & Cycling > Cycling Accessories,1563
2363,Panniers,Toys & Games > Sports & Outdoor Recreation > Bikes & Cycling > Panniers,1563
2362,Tricycles,Toys & Games > Sports & Outdoor Recreation > Bikes & Cycling > Tricycles,1563
2361,Unicycles,Toys & Games > Sports & Outdoor Recreation > Bikes & Cycling > Unicycles,1563
2342,Boating & Water Sports,Toys & Games > Sports & Outdoor Recreation > Boating & Water Sports,1560
2343,Boating,Toys & Games > Sports & Outdoor Recreation > Boating & Water Sports > Boating,2342
2346,Canoeing,Toys & Games > Sports & Outdoor Recreation > Boating & Water Sports > Canoeing,2342
2344,Kayaking,Toys & Games > Sports & Outdoor Recreation > Boating & Water Sports > Kayaking,2342
2374,Paddles & Oars,Toys & Games > Sports & Outdoor Recreation > Boating & Water Sports > Paddles & Oars,2342
2345,Rowing,Toys & Games > Sports & Outdoor Recreation > Boating & Water Sports > Rowing,2342
1577,Sand & Water Toys,Toys & Games > Sports & Outdoor Recreation > Boating & Water Sports > Sand & Water Toys,2342
2373,Surfing & Boarding,Toys & Games > Sports & Outdoor Recreation > Boating & Water Sports > Surfing & Boarding,2342
2347,Swimming & Diving,Toys & Games > Sports & Outdoor Recreation > Boating & Water Sports > Swimming & Diving,2342
1565,Bowling,Toys & Games > Sports & Outdoor Recreation > Bowling,1560
1566,Camping,Toys & Games > Sports & Outdoor Recreation > Camping,1560
12469,Compasses,Toys & Games > Sports & Outdoor Recreation > Camping > Compasses,1566
12619,Pocket Knives,Toys & Games > Sports & Outdoor Recreation > Camping > Pocket Knives,1566
1567,Fishing,Toys & Games > Sports & Outdoor Recreation > Fishing,1560
1568,Fitness & Exercise,Toys & Games > Sports & Outdoor Recreation > Fitness & Exercise,1560
12623,Rock Climbing,Toys & Games > Sports & Outdoor Recreation > Fitness & Exercise > Rock Climbing,1568
12625,Weightlifting,Toys & Games > Sports & Outdoor Recreation > Fitness & Exercise > Weightlifting,1568
2652,Yoga & Pilates,Toys & Games > Sports & Outdoor Recreation > Fitness & Exercise > Yoga & Pilates,1568
2654,Pilates,Toys & Games > Sports & Outdoor Recreation > Fitness & Exercise > Yoga & Pilates > Pilates,2652
2653,Yoga,Toys & Games > Sports & Outdoor Recreation > Fitness & Exercise > Yoga & Pilates > Yoga,2652
1569,Flying Toys,Toys & Games > Sports & Outdoor Recreation > Flying Toys,1560
1570,Golf,Toys & Games > Sports & Outdoor Recreation > Golf,1560
1571,Hunting & Archery,Toys & Games > Sports & Outdoor Recreation > Hunting & Archery,1560
2355,Archery,Toys & Games > Sports & Outdoor Recreation > Hunting & Archery > Archery,1571
2354,Hunting,Toys & Games > Sports & Outdoor Recreation > Hunting & Archery > Hunting,1571
12628,Decoys,Toys & Games > Sports & Outdoor Recreation > Hunting & Archery > Hunting > Decoys,2354
12617,Game Calls,Toys & Games > Sports & Outdoor Recreation > Hunting & Archery > Hunting > Game Calls,2354
6072,Holsters,Toys & Games > Sports & Outdoor Recreation > Hunting & Archery > Hunting > Holsters,2354
1572,Ice & Snow Sports,Toys & Games > Sports & Outdoor Recreation > Ice & Snow Sports,1560
2360,Skiing,Toys & Games > Sports & Outdoor Recreation > Ice & Snow Sports > Skiing,1572
2358,Snowboarding,Toys & Games > Sports & Outdoor Recreation > Ice & Snow Sports > Snowboarding,1572
2359,Snowshoeing,Toys & Games > Sports & Outdoor Recreation > Ice & Snow Sports > Snowshoeing,1572
1573,Juggling & Hula Hoops,Toys & Games > Sports & Outdoor Recreation > Juggling & Hula Hoops,1560
1809,Hula Hoops,Toys & Games > Sports & Outdoor Recreation > Juggling & Hula Hoops > Hula Hoops,1573
1808,Juggling,Toys & Games > Sports & Outdoor Recreation > Juggling & Hula Hoops > Juggling,1573
1574,Kites & Pinwheels,Toys & Games > Sports & Outdoor Recreation > Kites & Pinwheels,1560
1806,Kites,Toys & Games > Sports & Outdoor Recreation > Kites & Pinwheels > Kites,1574
1807,Pinwheels,Toys & Games > Sports & Outdoor Recreation > Kites & Pinwheels > Pinwheels,1574
1575,Lawn Games,Toys & Games > Sports & Outdoor Recreation > Lawn Games,1560
2382,Bocce Ball,Toys & Games > Sports & Outdoor Recreation > Lawn Games > Bocce Ball,1575
2379,Cornhole,Toys & Games > Sports & Outdoor Recreation > Lawn Games > Cornhole,1575
2381,Croquet,Toys & Games > Sports & Outdoor Recreation > Lawn Games > Croquet,1575
2380,Horseshoes,Toys & Games > Sports & Outdoor Recreation > Lawn Games > Horseshoes,1575
2370,Martial Arts & Boxing,Toys & Games > Sports & Outdoor Recreation > Martial Arts & Boxing,1560
2371,Boxing Gloves,Toys & Games > Sports & Outdoor Recreation > Martial Arts & Boxing > Boxing Gloves,2370
12608,Punching Bags,Toys & Games > Sports & Outdoor Recreation > Martial Arts & Boxing > Punching Bags,2370
12609,Training Swords,Toys & Games > Sports & Outdoor Recreation > Martial Arts & Boxing > Training Swords,2370
1576,Racquet Sports,Toys & Games > Sports & Outdoor Recreation > Racquet Sports,1560
1564,Skateboarding,Toys & Games > Sports & Outdoor Recreation > Skateboarding,1560
1578,Swings & Slides,Toys & Games > Sports & Outdoor Recreation > Swings & Slides,1560
1805,Slides,Toys & Games > Sports & Outdoor Recreation > Swings & Slides > Slides,1578
1804,Swings,Toys & Games > Sports & Outdoor Recreation > Swings & Slides > Swings,1578
1579,Team Sports,Toys & Games > Sports & Outdoor Recreation > Team Sports,1560
2365,Baseball,Toys & Games > Sports & Outdoor Recreation > Team Sports > Baseball,1579
2366,Basketball,Toys & Games > Sports & Outdoor Recreation > Team Sports > Basketball,1579
12160,Cricket,Toys & Games > Sports & Outdoor Recreation > Team Sports > Cricket,1579
12161,Field Hockey,Toys & Games > Sports & Outdoor Recreation > Team Sports > Field Hockey,1579
2367,Football,Toys & Games > Sports & Outdoor Recreation > Team Sports > Football,1579
2376,Gymnastics,Toys & Games > Sports & Outdoor Recreation > Team Sports > Gymnastics,1579
2377,Hockey,Toys & Games > Sports & Outdoor Recreation > Team Sports > Hockey,1579
2368,Soccer,Toys & Games > Sports & Outdoor Recreation > Team Sports > Soccer,1579
2369,Softball,Toys & Games > Sports & Outdoor Recreation > Team Sports > Softball,1579
2375,Volleyball,Toys & Games > Sports & Outdoor Recreation > Team Sports > Volleyball,1579
2372,Wrestling,Toys & Games > Sports & Outdoor Recreation > Team Sports > Wrestling,1579
1580,Toys,Toys & Games > Toys,1552
1581,Baby & Toddler Toys,Toys & Games > Toys > Baby & Toddler Toys,1580
2058,Blocks,Toys & Games > Toys > Baby & Toddler Toys > Blocks,1581
2057,Crib Toys,Toys & Games > Toys > Baby & Toddler Toys > Crib Toys,1581
2054,Music & Sound,Toys & Games > Toys > Baby & Toddler Toys > Music & Sound,1581
2052,Rattles,Toys & Games > Toys > Baby & Toddler Toys > Rattles,1581
2056,Shapes & Colors,Toys & Games > Toys > Baby & Toddler Toys > Shapes & Colors,1581
2055,Stacking & Nesting,Toys & Games > Toys > Baby & Toddler Toys > Stacking & Nesting,1581
1582,Balls,Toys & Games > Toys > Balls,1580
1583,Building & Construction,Toys & Games > Toys > Building & Construction,1580
1584,Dolls & Action Figures,Toys & Games > Toys > Dolls & Action Figures,1580
1585,Action Figures,Toys & Games > Toys > Dolls & Action Figures > Action Figures,1584
1586,Animals,Toys & Games > Toys > Dolls & Action Figures > Animals,1584
1587,Doll Clothing,Toys & Games > Toys > Dolls & Action Figures > Doll Clothing,1584
1607,Dolls,Toys & Games > Toys > Dolls & Action Figures > Dolls,1584
2930,Reborn Dolls,Toys & Games > Toys > Dolls & Action Figures > Dolls > Reborn Dolls,1607
2897,Toy Dollhouse Furniture,Toys & Games > Toys > Dolls & Action Figures > Toy Dollhouse Furniture,1584
2896,Toy Dollhouses,Toys & Games > Toys > Dolls & Action Figures > Toy Dollhouses,1584
1608,Electronic Toys,Toys & Games > Toys > Electronic Toys,1580
1611,Learning & School,Toys & Games > Toys > Learning & School,1580
2898,Miniature Toys,Toys & Games > Toys > Miniature Toys,1580
2899,Miniature Food,Toys & Games > Toys > Miniature Toys > Miniature Food,2898
2098,Role Playing Miniatures,Toys & Games > Toys > Miniature Toys > Role Playing Miniatures,2898
1613,Play Tents & Playhouses,Toys & Games > Toys > Play Tents & Playhouses,1580
1794,Play Tents,Toys & Games > Toys > Play Tents & Playhouses > Play Tents,1613
1795,Playhouses,Toys & Games > Toys > Play Tents & Playhouses > Playhouses,1613
1614,Pretend Play,Toys & Games > Toys > Pretend Play,1580
1615,Puppets,Toys & Games > Toys > Puppets,1580
1616,Finger Puppets,Toys & Games > Toys > Puppets > Finger Puppets,1615
1617,Hand Puppets,Toys & Games > Toys > Puppets > Hand Puppets,1615
1618,Marionettes,Toys & Games > Toys > Puppets > Marionettes,1615
1619,Shadow Puppets,Toys & Games > Toys > Puppets > Shadow Puppets,1615
1620,Push & Pull Toys,Toys & Games > Toys > Push & Pull Toys,1580
1621,Animals,Toys & Games > Toys > Push & Pull Toys > Animals,1620
1622,Vehicles,Toys & Games > Toys > Push & Pull Toys > Vehicles,1620
1623,Wagons,Toys & Games > Toys > Push & Pull Toys > Wagons,1620
1624,Ride On & Rocking Toys,Toys & Games > Toys > Ride On & Rocking Toys,1580
1625,Rocking & Spring Toys,Toys & Games > Toys > Ride On & Rocking Toys > Rocking & Spring Toys,1624
1626,Scooters,Toys & Games > Toys > Ride On & Rocking Toys > Scooters,1624
2403,Stick Horses,Toys & Games > Toys > Ride On & Rocking Toys > Stick Horses,1624
1627,Vehicles,Toys & Games > Toys > Ride On & Rocking Toys > Vehicles,1624
11252,Slime & Foam,Toys & Games > Toys > Slime & Foam,1580
845,Stereoscopes & Viewfinders,Toys & Games > Toys > Stereoscopes & Viewfinders,1580
1628,Stress Balls & Desk Toys,Toys & Games > Toys > Stress Balls & Desk Toys,1580
2071,Bobbleheads,Toys & Games > Toys > Stress Balls & Desk Toys > Bobbleheads,1628
1793,Desk Toys,Toys & Games > Toys > Stress Balls & Desk Toys > Desk Toys,1628
10847,Fidget Spinners,Toys & Games > Toys > Stress Balls & Desk Toys > Fidget Spinners,1628
2907,Kaleidoscopes,Toys & Games > Toys > Stress Balls & Desk Toys > Kaleidoscopes,1628
1792,Stress Balls,Toys & Games > Toys > Stress Balls & Desk Toys > Stress Balls,1628
1629,Stuffed Animals & Plushies,Toys & Games > Toys > Stuffed Animals & Plushies,1580
2072,Amigurumi,Toys & Games > Toys > Stuffed Animals & Plushies > Amigurumi,1629
2397,Bears,Toys & Games > Toys > Stuffed Animals & Plushies > Bears,1629
2919,Bunny Rabbits,Toys & Games > Toys > Stuffed Animals & Plushies > Bunny Rabbits,1629
2399,Cats,Toys & Games > Toys > Stuffed Animals & Plushies > Cats,1629
6067,Dogs,Toys & Games > Toys > Stuffed Animals & Plushies > Dogs,1629
2398,Fish & Aquatic,Toys & Games > Toys > Stuffed Animals & Plushies > Fish & Aquatic,1629
2395,Horses,Toys & Games > Toys > Stuffed Animals & Plushies > Horses,1629
2401,Monkeys,Toys & Games > Toys > Stuffed Animals & Plushies > Monkeys,1629
2402,Monsters,Toys & Games > Toys > Stuffed Animals & Plushies > Monsters,1629
2400,People,Toys & Games > Toys > Stuffed Animals & Plushies > People,1629
2920,Robots & Machines,Toys & Games > Toys > Stuffed Animals & Plushies > Robots & Machines,1629
2396,Unicorns,Toys & Games > Toys > Stuffed Animals & Plushies > Unicorns,1629
1630,Toy Instruments,Toys & Games > Toys > Toy Instruments,1580
2409,Accordions,Toys & Games > Toys > Toy Instruments > Accordions,1630
2410,Drums & Percussion,Toys & Games > Toys > Toy Instruments > Drums & Percussion,1630
2408,Pianos & Keyboards,Toys & Games > Toys > Toy Instruments > Pianos & Keyboards,1630
2411,Wind & Reed Instruments,Toys & Games > Toys > Toy Instruments > Wind & Reed Instruments,1630
1631,Wind-Up Toys,Toys & Games > Toys > Wind-Up Toys,1580
1632,Yo-Yos & Tops,Toys & Games > Toys > Yo-Yos & Tops,1580
1797,Tops,Toys & Games > Toys > Yo-Yos & Tops > Tops,1632
1796,Yo-Yos,Toys & Games > Toys > Yo-Yos & Tops > Yo-Yos,1632
1633,Weddings,Weddings,
1634,Accessories,Weddings > Accessories,1633
1635,Bags & Purses,Weddings > Accessories > Bags & Purses,1634
6095,Belts & Sashes,Weddings > Accessories > Belts & Sashes,1634
10784,Bouquets & Corsages,Weddings > Accessories > Bouquets & Corsages,1634
1659,Bouquets,Weddings > Accessories > Bouquets & Corsages > Bouquets,10784
11253,Boutonnières,Weddings > Accessories > Bouquets & Corsages > Boutonnières,10784
10785,Corsages,Weddings > Accessories > Bouquets & Corsages > Corsages,10784
1636,Cover Ups & Scarves,Weddings > Accessories > Cover Ups & Scarves,1634
1637,Cummerbunds,Weddings > Accessories > Cummerbunds,1634
1638,Hair Accessories,Weddings > Accessories > Hair Accessories,1634
1639,Barrettes & Clips,Weddings > Accessories > Hair Accessories > Barrettes & Clips,1638
1640,Decorative Combs,Weddings > Accessories > Hair Accessories > Decorative Combs,1638
1757,Fascinators & Mini Hats,Weddings > Accessories > Hair Accessories > Fascinators & Mini Hats,1638
1641,Hair Jewelry,Weddings > Accessories > Hair Accessories > Hair Jewelry,1638
6115,Hair Picks,Weddings > Accessories > Hair Accessories > Hair Picks,1638
1642,Hair Pins,Weddings > Accessories > Hair Accessories > Hair Pins,1638
1645,Wreaths & Tiaras,Weddings > Accessories > Hair Accessories > Wreaths & Tiaras,1638
1803,Tiaras,Weddings > Accessories > Hair Accessories > Wreaths & Tiaras > Tiaras,1645
1802,Wreaths,Weddings > Accessories > Hair Accessories > Wreaths & Tiaras > Wreaths,1645
1646,Hats,Weddings > Accessories > Hats,1634
1649,Neckties,Weddings > Accessories > Neckties,1634
2905,Shawls & Wraps,Weddings > Accessories > Shawls & Wraps,1634
1648,Something Blue,Weddings > Accessories > Something Blue,1634
1650,Umbrellas,Weddings > Accessories > Umbrellas,1634
1651,Veils,Weddings > Accessories > Veils,1634
1652,Clothing,Weddings > Clothing,1633
1653,Dresses,Weddings > Clothing > Dresses,1652
1656,Bridal Gowns & Separates,Weddings > Clothing > Dresses > Bridal Gowns & Separates,1653
2079,Bridesmaid Dresses,Weddings > Clothing > Dresses > Bridesmaid Dresses,1653
2080,Flower Girl Dresses,Weddings > Clothing > Dresses > Flower Girl Dresses,1653
2081,Mother of the Bride Dresses,Weddings > Clothing > Dresses > Mother of the Bride Dresses,1653
11220,Jumpsuits & Rompers,Weddings > Clothing > Jumpsuits & Rompers,1652
1654,Lingerie & Garters,Weddings > Clothing > Lingerie & Garters,1652
1801,Wedding Garters,Weddings > Clothing > Lingerie & Garters > Wedding Garters,1654
1800,Wedding Lingerie,Weddings > Clothing > Lingerie & Garters > Wedding Lingerie,1654
2903,Shrugs & Boleros,Weddings > Clothing > Shrugs & Boleros,1652
1655,Suits,Weddings > Clothing > Suits,1652
2119,Boys' Suits,Weddings > Clothing > Suits > Boys' Suits,1655
2120,Girls' Suits,Weddings > Clothing > Suits > Girls' Suits,1655
2117,Men's Suits,Weddings > Clothing > Suits > Men's Suits,1655
2118,Women's Suits,Weddings > Clothing > Suits > Women's Suits,1655
1657,Decorations,Weddings > Decorations,1633
6057,Aisle Runners & Decor,Weddings > Decorations > Aisle Runners & Decor,1657
1658,Baskets & Boxes,Weddings > Decorations > Baskets & Boxes,1657
1785,Baskets,Weddings > Decorations > Baskets & Boxes > Baskets,1658
1786,Boxes & Containers,Weddings > Decorations > Baskets & Boxes > Boxes & Containers,1658
6116,Flower Girl Baskets,Weddings > Decorations > Baskets & Boxes > Flower Girl Baskets,1658
1660,Cake Toppers,Weddings > Decorations > Cake Toppers,1657
1661,Candles & Holders,Weddings > Decorations > Candles & Holders,1657
6094,Unity Candle Holders,Weddings > Decorations > Candles & Holders > Unity Candle Holders,1661
6093,Unity Candles,Weddings > Decorations > Candles & Holders > Unity Candles,1661
1662,Centerpieces,Weddings > Decorations > Centerpieces,1657
6123,Paper Fans,Weddings > Decorations > Paper Fans,1657
1663,Plants,Weddings > Decorations > Plants,1657
2828,Ring Bearer Pillows,Weddings > Decorations > Ring Bearer Pillows,1657
2819,Serving & Dining,Weddings > Decorations > Serving & Dining,1657
2821,Cake Servers & Knives,Weddings > Decorations > Serving & Dining > Cake Servers & Knives,2819
2855,Table Decor,Weddings > Decorations > Serving & Dining > Table Decor,2819
2928,Table Numbers,Weddings > Decorations > Serving & Dining > Table Decor > Table Numbers,2855
2820,Wedding Forks,Weddings > Decorations > Serving & Dining > Wedding Forks,2819
6121,Signs,Weddings > Decorations > Signs,1657
1664,Gifts & Mementos,Weddings > Gifts & Mementos,1633
1665,Albums & Scrapbooks,Weddings > Gifts & Mementos > Albums & Scrapbooks,1664
1666,Bridesmaids' Gifts,Weddings > Gifts & Mementos > Bridesmaids' Gifts,1664
11254,Accessories,Weddings > Gifts & Mementos > Bridesmaids' Gifts > Accessories,1666
11255,Bags & Purses,Weddings > Gifts & Mementos > Bridesmaids' Gifts > Bags & Purses,1666
11256,Bath & Beauty,Weddings > Gifts & Mementos > Bridesmaids' Gifts > Bath & Beauty,1666
11261,Bridesmaid Home Decor,Weddings > Gifts & Mementos > Bridesmaids' Gifts > Bridesmaid Home Decor,1666
11257,Bridesmaid Proposals,Weddings > Gifts & Mementos > Bridesmaids' Gifts > Bridesmaid Proposals,1666
11258,Clothing,Weddings > Gifts & Mementos > Bridesmaids' Gifts > Clothing,1666
11260,Drink & Barware,Weddings > Gifts & Mementos > Bridesmaids' Gifts > Drink & Barware,1666
11259,Hangover & Survival Kits,Weddings > Gifts & Mementos > Bridesmaids' Gifts > Hangover & Survival Kits,1666
11262,Jewelry,Weddings > Gifts & Mementos > Bridesmaids' Gifts > Jewelry,1666
11263,Shoes,Weddings > Gifts & Mementos > Bridesmaids' Gifts > Shoes,1666
1667,Gifts For The Couple,Weddings > Gifts & Mementos > Gifts For The Couple,1664
1668,Groomsmen Gifts,Weddings > Gifts & Mementos > Groomsmen Gifts,1664
11264,Accessories,Weddings > Gifts & Mementos > Groomsmen Gifts > Accessories,1668
11265,Bags & Luggage,Weddings > Gifts & Mementos > Groomsmen Gifts > Bags & Luggage,1668
11266,Cigar & Cigarette Accessories,Weddings > Gifts & Mementos > Groomsmen Gifts > Cigar & Cigarette Accessories,1668
11267,Clothing,Weddings > Gifts & Mementos > Groomsmen Gifts > Clothing,1668
11268,Drink & Barware,Weddings > Gifts & Mementos > Groomsmen Gifts > Drink & Barware,1668
11271,Groomsmen Home Decor,Weddings > Gifts & Mementos > Groomsmen Gifts > Groomsmen Home Decor,1668
11269,Groomsmen Proposals,Weddings > Gifts & Mementos > Groomsmen Gifts > Groomsmen Proposals,1668
11273,Groomsmen Sports Equipment,Weddings > Gifts & Mementos > Groomsmen Gifts > Groomsmen Sports Equipment,1668
11270,Hangover & Survival Kits,Weddings > Gifts & Mementos > Groomsmen Gifts > Hangover & Survival Kits,1668
11272,Jewelry,Weddings > Gifts & Mementos > Groomsmen Gifts > Jewelry,1668
1669,Guest Books,Weddings > Gifts & Mementos > Guest Books,1664
1670,Portraits & Frames,Weddings > Gifts & Mementos > Portraits & Frames,1664
1784,Picture Frames,Weddings > Gifts & Mementos > Portraits & Frames > Picture Frames,1670
1783,Portraits,Weddings > Gifts & Mementos > Portraits & Frames > Portraits,1670
6055,Wedding Dress Hangers,Weddings > Gifts & Mementos > Wedding Dress Hangers,1664
1671,Wedding Favors,Weddings > Gifts & Mementos > Wedding Favors,1664
1672,Invitations & Paper,Weddings > Invitations & Paper,1633
1673,Announcements,Weddings > Invitations & Paper > Announcements,1672
1674,Greeting Cards,Weddings > Invitations & Paper > Greeting Cards,1672
1675,Invitation Kits,Weddings > Invitations & Paper > Invitation Kits,1672
1676,Invitations,Weddings > Invitations & Paper > Invitations,1672
12612,Menu Cards,Weddings > Invitations & Paper > Menu Cards,1672
6056,Place Cards,Weddings > Invitations & Paper > Place Cards,1672
1677,Save The Dates,Weddings > Invitations & Paper > Save The Dates,1672
1678,Templates,Weddings > Invitations & Paper > Templates,1672
1679,Thank You Cards,Weddings > Invitations & Paper > Thank You Cards,1672
1680,Jewelry,Weddings > Jewelry,1633
1681,Bracelets,Weddings > Jewelry > Bracelets,1680
1682,Brooches,Weddings > Jewelry > Brooches,1680
1683,Cuff Links & Tie Clips,Weddings > Jewelry > Cuff Links & Tie Clips,1680
1781,Cuff Links,Weddings > Jewelry > Cuff Links & Tie Clips > Cuff Links,1683
2316,Shirt Studs,Weddings > Jewelry > Cuff Links & Tie Clips > Shirt Studs,1683
1782,Tie Clips & Tacks,Weddings > Jewelry > Cuff Links & Tie Clips > Tie Clips & Tacks,1683
1684,Earrings,Weddings > Jewelry > Earrings,1680
1685,Jewelry Sets,Weddings > Jewelry > Jewelry Sets,1680
1686,Necklaces,Weddings > Jewelry > Necklaces,1680
1687,Pendant Necklaces,Weddings > Jewelry > Pendant Necklaces,1680
1696,Shoes,Weddings > Shoes,1633
2121,Boys' Wedding Shoes,Weddings > Shoes > Boys' Wedding Shoes,1696
1791,Girls' Wedding Shoes,Weddings > Shoes > Girls' Wedding Shoes,1696
1789,Men's Wedding Shoes,Weddings > Shoes > Men's Wedding Shoes,1696
1790,Women's Wedding Shoes,Weddings > Shoes > Women's Wedding Shoes,1696
